a	58.978	59.048	59.258	60.114	60.084	60.472	60.552	60.144	59.845	60.373	59.894	58.958	58.74	59.028	59.128	58.958	59.258	60.293	60.074	59.536	60.353	59.516	58.988	58.63	59.148	58.681	59.19	59.01	59.649	59.1	59.509	59.739	59.679	60.607	61.066	61.395	61.425	61.086	61.256	60.857	61.246	61.375	60.417	59.599	59.789	59.958	59.669	59.819	60.078	60.248	60.008	60.747	60.018	59.559	58.451	59.21	59.499	59.26	62.014	60.737	61.126	61.615	62.833	62.643	62.553	62.773	63.331	63.361	63.771	64.589	64.25	64.16	64.579	65.008	64.888	65.976	66.006	65.307	65.547	65.826	65.946	66.036	65.956	65.787	65.647	64.599	63.98	64.26	63.85	64.07	64.87	65.15	65.83	65.7	66.36	66.56	66.6	66.62	67.54	66.99	66.91	66.12	66.44	66.88	67.25	67.02	67.32	67.39	67.71	67.97	67.49	68.03	68.02	68.13	68.37	68.22	68.25	68.11	67.47	66.81
aa	33.51	33.09	33.27	32.99	32.94	32.94	32.86	33.32	32.94	32.82	33.5	33.01	31.78	32.48	31.54	30.74	30.0	30.89	30.45	29.69	29.8	31.09	31.18	31.63	32.95	33.18	32.65	34.02	33.77	33.89	34.19	34.14	35.0	34.6	36.01	36.32	36.4	36.43	36.5	36.72	36.62	36.69	37.3	36.63	36.36	35.64	36.4	36.38	37.28	37.09	37.42	37.99	39.58	38.62	37.78	37.78	37.19	37.5	39.23	37.8	37.76	38.47	39.77	41.06	41.34	41.21	42.17	43.0	43.09	43.88	45.04	44.42	44.43	44.73	42.61	43.6	45.0	44.91	44.8	44.65	44.91	46.2	47.5	46.25	45.38	45.29	44.74	45.07	46.08	46.62	47.65	48.31	47.91	48.25	47.49	47.07	46.89	46.94	47.53	47.71	48.24	47.77	47.75	46.54	47.93	47.93	50.08	49.52	49.15	47.91	47.42	47.78	47.7	47.46	47.12	47.29	46.97	45.89	43.33	43.01
aaap	38.51	39.21	38.845	38.52	37.78	37.47	35.54	35.61	36.48	36.51	36.41	36.65	36.05	36.13	36.06	36.76	37.0	37.3	37.9	39.36	39.64	39.89	38.96	37.69	39.09	38.81	39.04	39.17	38.94	38.8	38.51	39.49	39.69	40.43	40.12	39.88	39.86	39.84	40.57	41.13	41.39	42.67	41.85	42.49	42.34	47.2	47.78	50.98	48.06	48.95	49.12	49.5	48.61	50.0	48.76	48.91	49.25	49.25	49.47	48.7	48.42	48.65	48.65	48.59	48.9	48.66	48.82	48.4	48.4	48.97	46.72	50.23	49.5	50.12	49.68	52.75	52.32	54.4	56.94	56.47	57.63	57.7	57.64	57.15	55.05	56.05	58.3	59.76	65.1	67.8	65.11	65.41	65.74	69.18	70.71	66.68	66.74	67.13	68.53	68.69	71.06	71.24	70.65	72.64	73.56	71.71	74.49	73.87	68.99	72.91	80.5	81.0	81.03	81.0	80.99	80.96	81.0	80.93	81.0	80.98
aaba	50.32	50.6	50.67	50.56	50.32	50.65	50.6	50.6	50.5	50.55	55.72	54.02	53.12	52.0	52.63	52.58	52.58	54.46	53.81	55.09	54.56	54.73	54.31	53.64	54.95	54.3	54.48	54.45	55.62	54.53	54.55	54.8	55.25	56.34	56.46	57.23	57.51	58.47	58.36	58.45	58.16	58.15	58.035	58.91	58.43	59.19	58.4	58.5	57.66	58.15	58.51	60.03	59.86	59.77	58.03	57.92	58.87	59.99	60.65	62.2	63.13	63.6	65.42	65.82	65.5	64.51	63.53	63.17	64.16	64.08	64.05	63.86	63.32	64.02	63.58	65.14	65.36	66.61	66.08	66.41	67.11	67.43	66.92	66.59	67.34	64.96	64.45	65.8	65.5803	66.24	66.51	67.81	67.66	67.72	67.85	68.74	68.93	69.22	67.91	67.52	68.04	66.78	67.79	67.45	67.51	66.51	66.61	65.4	65.57	67.52	68.86	70.12	70.59	70.51	70.23	71.71	72.22	71.16	70.19	70.56
aac	7.02	6.59	6.75	6.29	6.28	6.46	6.5	6.37	6.28	6.05	6.37	6.47	6.55	6.55	6.75	6.62	6.28	6.52	6.81	6.57	7.23	7.03	7.08	6.91	6.99	7.04	6.93	7.01	6.81	6.41	6.28	6.61	6.65	6.4	6.66	6.76	6.91	6.86	6.74	6.64	6.75	6.69	6.66	6.46	6.43	6.52	6.27	6.47	6.06	7.29	8.14	8.14	8.28	8.21	8.43	8.67	8.98	8.77	8.69	8.78	9.05	8.98	9.12	8.93	9.12	9.01	9.14	8.98	9.21	9.29	9.8	9.82	10.36	10.16	10.35	10.77	12.58	11.65	11.4	11.4	11.0	10.2	10.74	9.54	9.77	10.13	10.15	10.23	10.24	9.93	9.99	9.99	9.95	9.59	9.17	8.37	8.33	7.8	7.72	8.35	8.03	7.93	8.2	8.24	8.63	8.45	8.42	8.3	8.32	8.56	8.2	7.92	7.55	10.02	10.08	11.14	11.07	11.11	10.88	11.28
aal	46.573	47.818	48.535	47.758	48.206	48.844	49.312	49.531	49.531	50.646	51.214	50.058	49.272	49.242	49.182	48.904	48.585	49.451	47.828	48.226	48.764	48.426	48.575	48.296	49.043	49.412	50.108	50.158	51.044	51.832	52.807	52.438	51.393	53.574	53.584	53.992	53.644	52.926	52.389	52.12	51.692	51.064	50.398	50.796	49.79	50.278	50.228	50.846	50.238	50.338	50.586	50.368	49.79	49.192	48.444	48.244	48.703	48.414	48.304	45.929	45.45	45.61	45.311	43.874	42.826	45.151	44.852	44.463	44.223	44.652	45.211	43.824	44.213	43.734	43.505	45.76	46.189	46.897	46.089	45.899	45.211	44.283	45.321	46.189	46.957	47.596	47.496	46.748	47.386	47.386	47.626	50.4	50.619	50.45	51.188	50.489	52.914	52.715	52.535	52.585	52.156	51.956	51.916	51.397	51.817	50.869	51.836	50.909	48.504	47.456	47.147	46.718	47.735	47.257	47.346	47.406	46.358	46.269	45.67	45.82
aamc	73.45	76.15	73.05	73.5	74.75	74.95	78.55	89.0	91.95	90.25	90.0	91.0	91.75	92.0	90.5	89.8	87.075	84.9	88.7	86.0	87.85	88.55	84.1	89.45	85.2	87.0	87.95	90.95	89.9	91.0	87.95	88.0	87.305	91.3992	90.0	88.975	92.0	93.0	91.65	91.9989	91.45	92.5	93.0	92.2499	94.0	94.35	93.5	95.0	94.0	93.0	92.65	92.0	91.9	92.0	92.4	88.9	87.0	87.0	88.75	86.25	82.0	74.75	73.5	73.55	73.75	74.5	75.75	82.6	76.9774	78.05	81.7644	80.0	80.0	81.0	86.0	86.75	91.7	93.0	99.0	108.7	101.95	100.0	109.0	102.788	103.75	109.35	97.45	101.5	98.0	88.0	87.5125	88.95	85.0	85.55	85.675	84.95	80.2	82.0	84.0001	87.25	90.0	89.05	87.65	84.05	84.5	86.95	87.0	86.3	85.25	85.5	84.05	85.5	83.0	83.65	84.375	88.0	80.4	81.0	84.05	80.1
aame	3.65	3.55	3.6	3.7	3.7	3.75	3.7	3.7	3.75	3.8	3.8	3.6	3.65	3.8	3.8	3.85	3.85	3.85	3.65	3.8	3.8	3.7	3.65	3.65	3.65	3.65	3.7	3.7	3.65	3.7	3.7	3.7	3.75	3.75	3.7288	3.7	3.6	3.595	3.55	3.65	3.65	3.65	3.5604	3.6	3.65	3.65	3.6	3.65	3.5	3.6	3.6	3.55	3.5	3.6	3.55	3.55	3.4	3.4	3.2	3.25	3.3601	3.35	3.45	3.45	3.35	3.35	3.4	3.4	3.3934	3.25	3.3	3.3	3.25	3.3	3.4	3.45	3.45	3.45	3.4	3.4	3.3	3.3	3.25	3.3	3.25	3.3	3.2	3.3	3.25	3.25	3.2	3.2	3.25	3.3	3.25	3.35	3.4	3.4	3.34	3.3	3.25	3.4	3.3	3.25	3.2472	3.35	3.25	3.4	3.1	3.25	3.5	3.55	3.8	3.65	3.6	3.6	3.4	3.45	3.5	3.5
aan	34.811	35.5	35.879	36.059	36.469	38.057	39.095	38.855	38.356	39.564	39.475	39.435	39.844	39.485	39.155	38.825	39.365	39.255	38.376	38.605	38.545	38.473	38.733	39.143	40.092	39.003	38.873	38.923	38.583	37.724	37.814	37.684	37.934	37.874	38.183	37.724	38.113	38.783	39.962	39.503	39.752	39.672	40.232	39.712	40.592	47.507	46.248	45.918	45.898	45.818	46.348	45.948	45.728	45.608	44.769	45.159	45.598	45.209	44.969	43.4	43.5	43.46	44.089	43.48	43.67	44.159	44.669	44.329	44.259	44.239	44.469	43.47	41.971	41.081	41.841	41.721	42.64	43.13	42.61	42.9	38.41	39.35	39.22	38.83	39.03	39.42	40.06	41.37	43.54	43.63	43.81	44.19	44.61	44.57	44.39	43.96	43.89	42.96	42.46	42.1	41.54	41.55	41.27	42.48	42.74	42.09	42.39	42.34	42.24	39.14	37.07	36.8	35.93	35.8	36.43	35.59	34.44	35.99	35.62	36.59
aaoi	68.63	67.88	71.51	70.48	69.82	70.01	74.68	72.44	73.41	71.48	73.14	64.71	64.61	63.85	60.95	62.23	62.88	63.2	61.08	63.1	63.58	65.87	61.59	58.44	61.0	60.0	61.79	61.39	60.62	61.47	67.16	68.64	70.04	72.64	77.95	84.2	84.18	90.18	92.54	88.8	89.93	95.63	96.8	98.76	97.82	96.64	97.49	99.61	93.5	97.99	64.6	69.69	71.2	67.47	63.55	65.84	68.92	68.18	65.79	64.52	64.1	60.6	61.02	63.51	62.39	62.3	61.25	62.69	61.5	59.12	58.98	56.09	58.06	56.16	56.76	58.11	57.99	59.69	57.27	58.3	66.29	67.23	63.96	63.6	63.8	61.11	62.85	64.73	64.21	64.67	64.52	61.73	59.43	56.99	58.17	58.79	60.35	61.44	58.84	47.01	43.38	43.74	42.29	42.17	41.47	41.81	41.66	40.43	38.68	39.27	42.12	40.74	38.97	39.28	37.82	37.8	37.89	43.64	43.2	45.3
aaon	36.769	36.321	36.42	36.022	36.047	36.619	37.168	36.769	36.47	36.1	36.75	37.55	37.3	37.95	38.1	37.65	37.3	37.25	36.85	36.15	36.1	36.2	36.05	35.65	36.3	36.4	36.85	37.0	37.05	36.6	37.2	37.25	37.3	37.55	37.55	37.5	37.65	37.15	37.525	37.5	37.3	35.2	35.0	34.4	33.9	33.8	33.8	33.95	33.75	33.7	35.2	34.95	34.9	33.8	33.4	33.1	33.7	32.7	32.4	31.65	31.65	31.7	32.25	31.85	31.8	31.8	31.9	32.0	32.3	32.6	32.75	32.35	32.55	31.85	31.85	31.9	31.95	32.6	32.65	32.95	33.15	33.2	33.45	33.325	33.3	33.4	33.7	34.95	34.85	34.475	35.15	35.45	35.35	35.15	35.45	35.4	34.8	34.25	34.15	33.85	34.3	33.75	34.25	34.2	34.6	34.65	35.1	34.9	34.75	34.8	34.3	35.0	34.4	34.35	34.45	34.65	34.6	34.425	33.35	33.8
aap	132.88	131.83	134.01	132.85	133.49	136.94	137.64	135.41	131.16	130.48	125.78	128.22	130.81	131.49	130.45	131.01	130.02	129.46	123.44	120.03	120.62	119.66	121.71	121.88	116.64	115.98	116.52	118.34	105.14	103.09	101.87	101.11	100.19	100.88	103.15	101.98	101.68	100.24	100.81	103.16	105.2	103.1	105.22	106.63	110.27	110.14	111.94	113.98	114.41	110.46	110.94	109.42	109.32	109.11	106.06	107.27	109.25	87.025	91.452	92.791	93.201	95.13	95.739	93.481	93.041	95.739	94.6	95.06	96.749	97.838	97.998	96.669	95.549	93.471	93.97	94.34	97.198	100.04	99.96	99.447	98.518	94.79	94.69	93.68	95.59	97.94	97.59	99.33	99.5	99.2	99.36	98.98	94.93	94.33	94.29	91.12	91.84	89.4	86.56	85.51	86.01	88.09	87.81	86.92	86.78	85.91	84.25	83.31	85.65	81.93	82.0	81.74	80.75	81.69	81.8	80.71	79.38	79.41	80.45	81.22
aapl	152.19	152.72	152.46	152.52	151.61	152.03	154.29	152.78	153.3	154.21	153.83	147.87	144.33	145.5	144.07	143.22	141.2	145.25	143.92	144.78	144.54	145.19	144.73	142.66	144.74	142.61	142.95	142.43	143.02	141.66	143.11	143.97	144.44	144.65	146.66	147.93	148.44	148.95	149.89	149.21	149.14	150.96	151.6	152.31	149.43	148.39	147.62	148.92	155.97	154.4	155.22	157.62	158.88	159.86	154.76	156.92	159.28	161.02	160.37	157.29	156.94	156.65	159.21	159.41	158.7	159.29	160.89	162.33	162.76	163.41	163.46	161.5	161.33	160.68	158.06	160.92	160.28	159.08	157.71	159.31	158.1	158.16	155.51	152.84	151.35	150.01	152.59	153.68	152.73	153.57	153.26	153.92	152.93	154.83	154.74	155.28	155.34	155.99	155.44	156.43	159.31	159.9	159.19	155.42	155.69	155.61	156.54	155.85	156.85	162.47	166.12	168.43	166.29	167.51	171.88	173.63	174.18	175.61	175.25	174.67
aat	39.115	39.037	38.927	38.483	38.553	39.145	39.609	39.085	39.075	39.717	39.54	40.004	40.557	40.726	40.557	40.616	39.802	39.503	39.315	39.275	39.553	39.613	39.762	39.97	39.891	39.643	39.136	39.831	39.225	38.639	39.007	38.003	38.132	38.709	38.798	39.354	39.633	39.782	40.209	40.06	39.941	39.533	39.831	39.851	40.129	39.941	40.348	40.686	40.189	40.04	40.129	40.119	39.662	39.861	39.792	39.513	40.408	40.249	40.427	40.01	39.593	40.169	39.672	39.901	40.02	40.557	40.09	40.05	40.05	40.358	40.487	40.338	40.348	40.487	40.457	40.596	40.04	40.51	40.67	40.58	40.41	40.09	40.02	39.94	39.81	40.04	40.32	39.74	40.08	39.77	40.32	40.59	40.37	40.53	40.27	40.52	40.83	41.37	41.25	41.23	40.65	40.58	40.2	39.87	39.07	39.29	39.48	39.2	39.0	39.42	39.04	38.79	38.76	38.99	38.36	38.51	38.98	38.9	39.42	39.33
aau	1.26	1.42	1.45	1.34	1.32	1.33	1.38	1.41	1.44	1.43	1.38	1.34	1.33	1.385	1.35	1.36	1.34	1.34	1.4	1.34	1.37	1.37	1.36	1.34	1.32	1.3	1.26	1.15	1.19	1.18	1.14	1.17	1.13	1.16	1.14	1.18	1.23	1.25	1.22	1.21	1.24	1.2292	1.25	1.235	1.2	1.19	1.18	1.19	1.16	1.12	1.1084	1.11	1.1	1.12	1.085	1.1	1.12	1.08	1.12	1.095	1.12	1.11	1.105	1.12	1.13	1.1	1.16	1.19	1.19	1.18	1.21	1.24	1.255	1.31	1.25	1.19	1.19	1.2	1.22	1.2	1.185	1.16	1.16	1.15	1.13	1.17	1.12	1.22	1.17	1.15	1.1301	1.1177	1.21	1.23	1.19	1.18	1.2	1.171	1.18	1.16	1.17	1.13	1.139	1.14	1.1301	1.14	1.12	1.065	1.05	1.0112	1.01	1.03	1.0	0.9099	0.9089	0.96	0.9595	0.9668	0.9455	0.9219
aav	6.6	6.4	6.4	6.3	6.25	6.3	6.15	6.15	6.3	6.05	5.95	6.1	6.15	6.25	6.1	6.1	6.2	6.25	6.2	6.05	6.2	6.3	6.45	6.5	6.65	6.65	6.75	6.8	6.65	6.7	6.55	6.7	6.7	6.85	6.9	6.9	6.9	7.05	7.3	7.0	7.0	6.9	7.05	7.1	7.1	7.05	6.9	6.8	6.75	6.55	6.55	6.45	6.65	6.65	6.45	6.45	6.35	6.25	6.3	6.35	6.4	6.35	6.35	6.45	6.4	6.45	6.35	6.35	6.3	6.35	6.45	6.35	6.2	6.4	6.2	6.25	6.3	6.45	6.5	6.4	6.4	6.5	6.6	6.6	6.6	6.65	6.55	6.45	6.4	6.3	6.2	6.1	6.0	5.9	5.8	5.9	5.7	5.6	5.6	5.55	5.5	5.4	5.45	5.5	5.45	5.45	5.45	5.3	5.2	5.2	5.4	5.35	5.6	5.65	5.7	5.75	5.65	5.6	5.7	5.9
aaww	48.65	50.05	49.75	49.05	48.7	50.4	51.9	52.45	51.9	52.25	52.5	53.5	53.1	53.55	53.1	52.8	52.35	51.9	50.9	50.3	50.85	51.0	51.7	50.9	51.65	51.0	52.125	54.8	54.7	54.95	55.05	56.25	58.05	57.55	57.05	58.15	58.9	58.7	58.4	57.75	57.75	58.35	58.9	58.45	57.95	58.95	59.4	59.8	66.8	65.2	65.7	65.65	64.0	62.95	61.6	60.65	62.1	62.85	62.175	60.5	61.75	61.8	63.7	63.1	63.25	63.7	64.5	64.85	66.2	66.8	67.9	66.3	66.35	66.25	65.55	65.65	67.1	67.15	65.95	65.7	65.85	66.05	68.15	67.45	67.6	66.0	65.25	66.1	67.25	65.8	67.25	68.25	68.05	66.85	66.0	64.3	65.1	65.7	65.9	65.3	64.7	61.95	62.5	63.0	64.6	64.5	63.7	63.1	62.85	62.25	61.5	61.35	61.7	61.225	60.35	60.85	56.05	57.25	54.75	53.85
aaxn	24.78	24.99	24.89	24.59	24.01	24.46	24.52	24.4	24.66	24.26	24.44	24.37	24.2	24.47	24.27	24.76	25.36	25.41	25.77	26.02	26.29	26.32	25.96	25.45	25.86	25.17	25.14	25.16	25.27	25.05	25.09	25.02	25.32	25.47	25.23	25.29	25.82	25.24	25.39	25.38	25.24	25.3601	25.41	25.22	24.99	24.72	24.59	24.87	24.86	25.0	25.39	25.72	25.31	23.02	22.46	22.36	22.18	21.63	21.66	21.48	22.08	22.08	21.77	21.64	21.85	21.58	21.88	21.62	21.59	21.71	21.73	21.98	21.73	21.49	21.64	21.86	22.35	22.4	22.54	22.3	22.4	22.07	22.91	22.8	22.65	22.59	22.66	23.05	23.09	22.67	22.91	23.2	23.77	23.64	23.72	23.56	23.82	23.92	24.45	24.6	24.31	24.44	24.99	24.62	23.01	22.59	22.32	22.17	22.43	22.92	22.87	22.97	23.03	23.48	23.41	23.22	22.86	21.43	21.54	21.16
ab	20.134	20.422	20.951	21.287	21.671	22.105	21.912	21.767	21.864	22.009	22.105	22.345	22.201	22.345	22.393	22.201	22.393	22.345	22.393	22.393	22.537	22.585	22.681	22.345	22.441	22.393	22.729	22.873	22.729	22.633	23.065	23.113	23.065	23.306	23.594	23.546	23.786	23.69	23.738	23.69	23.786	23.786	24.122	23.93	24.074	23.306	23.786	23.978	23.834	23.824	23.824	24.167	24.216	23.922	23.334	23.285	23.53	23.383	23.138	22.697	22.648	22.893	23.138	23.089	22.795	22.893	22.844	22.746	22.795	22.991	23.138	22.893	23.138	22.893	22.942	23.138	23.236	23.53	23.432	23.726	23.971	23.922	23.775	23.481	24.02	23.971	23.824	23.971	23.873	23.824	23.628	24.02	24.167	24.216	24.265	24.413	24.363	24.756	24.707	24.511	24.511	24.511	24.707	24.609	24.854	24.707	25.099	25.246	25.442	25.785	25.589	25.344	25.393	25.54	25.65	25.45	25.0	24.9	24.8	25.05
abac	1.89	2.02	2.039	2.06	1.87	1.96	2.0	2.03	2.19	2.1001	2.1101	2.01	2.0531	2.145	2.189	2.12	2.04	2.1	2.0	2.03	2.1039	2.0631	2.01	2.0526	2.0501	2.1	2.1001	2.2	2.26	2.24	2.17	2.1901	2.28	2.6599	2.54	2.53	2.41	2.42	2.24	2.14	2.12	2.12	2.1	2.22	2.28	2.45	2.4486	2.3401	2.3	2.295	2.23	2.25	2.2337	2.25	2.2	2.09	2.08	2.09	2.05	2.07	2.0625	2.06	2.0501	2.19	2.14	2.2044	2.2256	2.29	2.16	2.17	2.12	2.12	2.25	2.1991	2.1243	2.16	2.15	2.19	2.1899	2.35	2.3207	2.2637	2.34	2.3	2.3147	2.17	2.19	2.201	2.28	2.37	2.25	2.5	2.74	3.4858	3.5	3.29	3.29	3.42	3.5499	3.42	3.48	3.461	3.51	3.43	3.5672	3.445	3.42	3.35	3.4	3.5334	3.3	3.32	3.4	3.4	3.4	3.4	3.354	3.4747	3.55	3.48
abax	48.394	48.673	49.229	49.598	48.252	49.209	50.575	50.296	50.241	50.824	50.286	51.682	51.113	51.512	51.622	51.422	50.705	51.392	50.994	51.333	51.572	52.379	52.778	52.948	53.566	52.519	52.858	53.476	53.167	52.15	52.439	52.036	52.29	52.429	51.412	51.562	51.971	50.814	50.675	51.632	50.984	51.213	51.642	51.103	51.821	47.475	46.856	45.929	45.79	46.119	46.428	46.268	46.488	46.188	45.65	46.507	46.866	46.488	47.116	47.594	46.388	46.398	46.936	46.029	45.909	45.869	45.361	45.68	45.64	46.22	46.22	46.23	46.18	45.42	45.15	45.44	45.38	44.43	44.33	44.25	44.07	43.82	44.85	44.41	44.84	44.75	43.89	44.74	44.31	44.97	45.85	45.58	46.05	46.41	46.65	45.95	45.79	45.96	46.04	45.9	45.91	45.73	47.0	46.8	47.04	47.05	46.27	49.84	49.12	49.32	47.86	48.4	47.75	47.48	47.49	47.02	45.77	45.93	46.12	46.46
abb	24.97	25.07	25.0	24.98	25.13	25.23	25.8	25.53	25.54	25.3	25.34	25.35	25.11	25.34	25.18	24.91	25.36	25.5	25.05	25.19	25.31	25.4	25.36	25.32	25.18	24.74	24.9	24.88	24.83	24.81	24.72	24.75	24.86	25.26	24.98	25.16	25.08	25.02	25.09	24.39	23.8	23.55	23.47	23.39	23.35	23.5	23.5	23.64	23.61	23.48	23.39	23.36	23.31	23.26	22.82	22.83	22.95	22.85	23.21	22.91	22.71	22.76	23.14	23.13	23.1	23.31	23.07	22.92	22.84	23.18	23.26	23.57	23.78	23.93	24.03	24.23	24.32	24.28	24.43	24.43	24.6	24.58	24.6	24.63	24.73	24.65	24.56	24.59	24.68	24.75	24.96	25.09	25.12	25.06	25.06	24.96	25.08	25.17	25.04	25.14	24.97	25.03	25.06	25.37	25.46	25.28	25.11	25.03	25.43	25.36	25.38	26.13	26.24	26.09	26.2	26.28	26.26	26.22	25.74	25.36
abbv	64.89	65.274	65.017	64.979	64.979	65.658	66.189	66.445	66.799	67.666	67.675	68.571	68.434	68.571	69.408	69.486	69.929	70.214	70.097	70.214	72.026	71.494	71.593	71.248	71.769	71.336	71.366	71.278	71.336	70.598	70.893	70.697	70.707	71.382	72.127	72.604	72.196	71.73	72.266	73.497	74.113	73.398	72.018	72.087	71.233	69.952	69.426	69.892	70.22	70.498	70.498	70.727	70.975	71.521	69.952	70.141	70.329	69.853	69.932	69.366	69.475	70.21	71.253	71.025	71.61	71.978	72.812	73.378	73.408	74.778	74.897	74.729	76.516	81.213	84.749	86.397	87.142	87.857	88.602	86.765	84.729	85.772	86.804	86.804	86.874	85.97	84.759	84.163	88.344	88.244	89.764	89.079	89.277	89.555	89.863	90.151	90.538	91.74	91.42	90.67	91.04	92.17	96.04	96.48	96.1	94.51	91.69	91.77	89.56	91.93	90.96	90.25	92.44	91.02	92.31	92.96	93.96	95.71	95.89	95.43
abc	89.565	90.7	90.591	90.621	91.357	92.721	93.159	92.9	91.278	91.516	91.158	91.686	91.945	92.582	93.478	94.005	92.114	93.328	92.831	95.19	95.936	95.389	95.558	95.1	95.946	95.329	94.105	94.274	94.792	92.094	93.488	92.074	91.765	92.791	92.442	92.542	92.293	90.959	90.76	91.536	91.208	92.711	94.224	93.786	92.363	93.547	93.398	92.562	90.859	81.342	80.466	80.218	79.969	79.441	78.525	79.66	79.72	79.64	79.67	79.94	78.6	78.04	79.23	78.14	78.4	78.1	78.66	78.56	78.33	80.25	80.24	79.69	80.72	82.56	82.5	84.39	83.9	84.32	80.69	81.6	80.67	79.28	79.5	80.38	81.05	80.98	82.0	82.43	80.99	82.75	83.3	82.88	82.74	84.12	80.48	78.35	79.55	80.32	80.8	79.44	79.0	79.95	80.49	82.2	83.21	82.53	81.85	82.22	78.77	76.38	76.93	76.95	76.62	73.23	74.8	74.86	74.91	75.01	75.27	75.0
abcb	45.058	44.909	44.56	43.764	43.166	43.863	44.012	43.863	43.714	44.411	45.954	49.041	48.195	47.996	47.996	48.195	47.597	47.348	46.85	46.203	45.904	46.203	46.153	46.85	48.048	48.647	48.098	49.195	48.946	48.796	49.096	47.998	47.699	47.1	47.15	46.651	46.751	46.701	47.0	47.05	46.85	47.0	47.1	45.853	46.052	45.653	45.703	46.451	45.703	45.354	46.152	45.254	45.553	44.755	43.557	43.158	45.004	44.755	44.905	43.458	43.158	43.358	43.657	43.607	44.306	44.306	44.156	43.707	43.557	43.957	44.655	43.258	42.709	41.312	41.861	42.809	43.158	43.458	43.108	43.258	43.707	43.907	45.004	45.753	45.304	45.054	45.354	47.05	47.9	48.0	48.75	48.5	48.35	48.65	49.4	49.85	51.05	50.7	49.95	49.05	49.65	49.15	49.45	48.1	48.25	48.0	48.45	48.4	49.05	48.8	47.9	47.9	47.65	48.45	48.1	47.9	46.65	46.5	45.75	45.8
abcd	4.99	5.02	5.02	5.0	4.97	4.98	5.12	5.06	5.05	5.02	4.98	5.02	4.97	4.97	4.91	4.93	4.9	4.88	4.9	4.86	4.93	5.12	5.05	5.0	5.01	4.96	5.07	5.1	5.03	5.05	5.17	4.99	4.97	4.98	4.94	4.88	4.85	4.83	4.92	4.9	4.84	4.89	4.87	4.85	4.85	4.85	4.92	4.91	4.91	4.81	4.8	4.77	4.84	4.87	5.14	5.22	5.06	5.02	5.13	5.15	5.14	5.15	5.16	5.15	5.16	5.24	5.37	5.38	5.46	5.86	6.0	6.13	6.13	6.22	6.11	6.3	6.23	6.05	6.14	6.14	6.2	6.19	6.155	6.23	6.25	6.39	6.6	6.59	6.61	6.63	6.49	6.3	6.51	6.5	6.46	6.5	6.49	6.49	6.44	6.39	6.11	6.12	6.22	6.16	6.2	6.14	6.2	6.0	6.15	5.95	5.91	6.12	6.1	6.31	6.29	6.23	6.15	6.11	6.23	6.81
abco	50.85	51.4	51.1	51.0	51.7	52.4	52.75	52.35	51.6	51.4	51.05	51.25	50.95	51.0	51.45	51.4	51.5	51.8	51.2	51.3	51.05	51.2	51.15	51.5	51.35	51.05	51.5	51.25	52.25	54.2	57.1	56.45	55.8	56.85	56.85	57.2	56.9	56.75	56.8	56.9	57.2	57.2	57.05	56.05	56.2	57.15	56.2	55.3	54.7	55.15	54.45	53.35	52.05	50.9	50.7	52.05	51.65	51.75	51.85	51.05	51.6	51.65	51.65	51.4	51.0	50.85	49.85	53.05	53.15	53.25	53.3	53.25	53.35	53.3	53.35	53.4	53.45	53.5	53.6	53.5	53.4	53.45	53.35	53.3	53.5	53.4	53.5	53.65	53.75	53.625	53.85	53.85	53.9	53.95	53.9	53.8	53.7	53.9	53.9	53.9	53.85	53.75	53.75	53.9	53.9	53.85	53.75	53.9	53.9	53.9	53.85	53.925	53.8	53.8	53.625	53.15	53.4	53.45	52.85	53.4
abdc	12.67	12.67	12.594	12.509	12.481	12.537	12.481	12.509	12.461	12.461	12.433	12.461	12.556	12.632	12.622	12.603	12.556	12.764	12.716	12.698	12.736	12.716	12.925	12.963	12.963	13.089	13.176	12.875	13.118	12.885	13.069	13.06	12.982	13.04	12.972	13.011	12.332	12.061	12.187	11.974	12.109	11.857	11.702	11.518	11.382	11.537	11.576	11.276	11.256	11.353	11.053	10.684	10.161	10.326	9.928	10.413	10.849	10.539	10.471	10.296	10.384	10.316	10.025	10.132	10.122	10.151	10.432	10.18	10.277	10.141	10.355	10.568	10.665	10.675	10.733	10.481	10.364	10.384	10.49	10.607	10.432	10.607	10.481	10.558	10.549	10.684	10.694	10.82	10.58	10.71	10.5	10.39	10.43	10.61	10.68	10.62	10.53	10.54	10.41	10.54	10.44	10.39	10.19	10.02	10.26	10.17	10.03	10.1	9.97	9.89	9.53	9.27	8.75	8.79	8.84	8.67	8.3	7.66	7.27	7.35
abe	13.685	13.743	13.694	13.693	13.872	13.713	13.663	13.713	13.821	13.763	13.753	13.713	13.802	13.723	13.703	13.773	13.787	13.659	13.75	13.822	13.753	13.852	13.912	13.908	13.951	13.793	13.822	13.733	13.681	13.669	13.713	13.664	13.664	13.862	13.872	14.03	13.931	14.06	14.1	14.011	14.08	14.04	14.17	14.09	14.0896	14.1704	14.179	14.45	14.3	14.21	14.1977	14.1606	14.186	14.171	14.13	13.83	13.68	13.74	13.66	13.76	13.63	13.75	13.821	13.8448	13.9774	14.13	13.84	14.0726	13.929	14.2	14.1719	14.22	13.89	14.0292	14.31	14.35	14.54	14.48	14.53	14.15	14.13	14.2037	14.2	14.1988	14.3	14.2715	14.19	14.1162	14.03	13.771	13.968	13.94	14.24	14.31	14.87	14.71	14.61	14.65	14.68	14.6996	14.74	14.7	14.6568	14.68	14.62	14.57	14.5577	14.4775	14.46	14.43	14.42	14.43	14.43	14.4356	14.384	14.44	14.4	14.3781	14.32	14.3
abeo	5.9	5.7	5.55	5.6	5.35	5.5	5.35	5.25	5.05	5.0	5.0	5.05	4.7	5.0	4.95	4.75	4.7	4.8	4.9	5.0	5.6	6.0	5.95	6.2	6.2	6.25	6.4	6.6	7.3	7.9	8.35	9.2	9.2	9.0	8.8	9.3	8.9	8.95	9.85	9.75	9.8	9.4	9.1	8.7	8.4	8.75	8.45	8.05	7.65	7.3	8.1	8.25	7.7	7.725	7.65	7.55	7.4	8.1	8.5	8.15	7.85	7.85	7.85	8.75	9.6	9.05	9.5	11.25	13.65	13.15	13.8	14.2	13.4	13.85	13.85	14.0	13.8	14.05	14.0	17.2	16.5	16.75	16.5	16.2	14.95	14.7	14.15	15.15	16.95	17.05	17.75	17.6	17.4	18.5	17.7	17.5	19.95	19.35	17.55	16.1	16.7	17.9	17.5	17.75	19.0	18.6	17.85	18.0	17.4	17.3	17.45	17.95	16.4	16.75	16.5	16.3	14.325	15.1	14.8	15.25
abeow	3.0	3.03	2.524	2.95	2.95	2.93	2.9	2.8159	2.6999	2.75	2.75	2.9999	2.75	2.8538	2.77	2.75	2.7999	3.202	3.41	3.5	3.626	3.48	2.804	3.0	2.6501	2.5	3.0	3.0	3.2	3.2048	3.402	3.4001	3.8	4.12	4.4003	5.5	5.0	5.0668	5.61	5.419	4.7	4.5	5.58	5.0	5.25	4.9	4.75	4.7303	4.13	4.65	4.5	4.0	3.75	4.0	4.74	4.253	4.3129	4.3	4.6	4.35	4.4152	4.35	4.2619	4.1	4.35	4.348	4.81	4.75	5.2	7.45	9.0	8.2	9.54	9.05	8.55	8.67	8.8	9.35	9.0	9.5	11.7	11.65	11.9	12.5596	11.79	10.89	9.99	9.98	10.18	11.91	12.58	12.734	12.5	12.7	13.5	12.7092	13.15	14.9501	14.22	12.38	10.86	11.75	13.1	12.5	12.67	14.21	13.7902	12.9	12.96	12.27	12.38	12.87	11.4	11.63	11.55	11.14	9.5	9.95	9.98	10.4
abev	5.688	5.6682	5.7177	5.6682	5.6582	5.6087	5.6186	5.6682	5.7177	5.6384	5.579	5.4204	5.3808	5.47	5.4501	5.4006	5.2916	5.3511	5.3312	5.3709	5.3808	5.3907	5.49	5.46	5.52	5.47	5.49	5.47	5.49	5.34	5.45	5.59	5.64	5.78	5.76	5.85	5.88	5.89	5.94	5.94	5.94	5.92	5.92	5.94	6.03	6.05	6.08	6.11	6.19	6.15	6.12	6.15	6.16	6.12	6.05	6.12	6.12	6.19	6.23	6.19	6.23	6.18	6.16	6.29	6.24	6.25	6.23	6.23	6.24	6.26	6.24	6.29	6.45	6.46	6.43	6.48	6.68	6.69	6.74	6.81	6.7	6.77	6.82	6.74	6.85	6.75	6.64	6.59	6.56	6.59	6.51	6.76	6.68	6.68	6.61	6.57	6.74	6.79	6.79	6.98	6.84	6.83	6.82	6.82	6.71	6.52	6.53	6.48	6.32	6.39	6.35	6.33	6.29	6.28	6.17	6.24	6.12	6.18	6.17	6.12
abg	56.25	55.8	56.2	55.75	55.95	57.6	56.7	56.5	56.3	56.6	54.15	55.35	57.7	57.45	57.85	57.75	54.65	55.75	54.4	52.7	52.4	52.25	54.15	54.95	55.1	55.85	56.55	57.65	56.1	54.75	55.45	54.7	55.45	56.65	57.35	57.0	57.6	56.25	57.3	57.6	57.35	56.8	53.5	53.8	53.95	55.2	54.0	54.55	53.45	53.35	54.25	54.2	52.95	53.0	51.95	52.25	51.9	51.2	51.2	50.15	50.65	50.85	51.25	50.9	50.75	51.1	51.0	50.85	52.15	53.85	54.4	54.7	54.25	54.8	56.0	56.95	57.6	59.15	58.45	58.45	58.15	58.45	58.75	58.4	59.6	60.15	61.6	61.5	61.45	61.1	61.9	62.3	61.7	61.8	61.75	60.65	60.3	58.55	57.4	57.55	56.8	57.05	57.4	55.05	55.85	56.05	57.05	59.05	61.6	60.9	60.85	61.4	62.45	62.6	61.95	61.65	60.85	60.85	60.8	61.95
abil	0.685	0.6081	0.6504	0.5812	0.59	0.5902	0.59	0.59	0.57	0.84	1.41	1.055	1.17	1.4	1.43	1.28	1.24	1.22	1.19	1.14	1.18	1.26	1.4	1.3446	1.37	1.32	1.28	1.18	1.2	1.14	1.08	1.14	1.09	1.07	1.04	1.04	1.08	1.04	0.96	0.915	0.93	0.9429	0.91	0.9087	0.74	0.708	0.7401	0.7597	0.7498	0.655	0.6651	0.591	0.59	0.6584	0.69	0.6882	0.6415	0.6551	0.6799	0.6581	0.675	0.62	0.60386	0.7	0.8399	1.01	0.85	0.753	0.9198	0.82	0.795	0.81	0.7999	0.7601	0.7692	0.726	0.7303	0.741	0.7698	0.76	0.736	0.79323	0.7857	0.7901	0.7562	0.7629	0.9078	0.7698	0.7145	0.715	0.7895	0.77	0.7999	0.824	0.8047	0.8161	0.7816	0.7582	0.7425	0.76	0.7383	0.73	0.7161	0.72001	0.701	0.695	0.659	0.6505	0.66	0.62	0.67	0.6599	0.65	0.6253	0.6316	0.622	0.62	0.6031	0.597	0.6499
abio	2.45	2.35	2.35	2.45	2.4	2.4	2.3671	2.35	2.35	2.3	2.3	2.3	2.25	2.325	2.25	2.35	2.3	2.3	2.35	2.45	2.45	2.35	2.5	2.45	2.4	2.4	2.45	2.35	2.35	2.45	2.6	2.65	2.6	2.6	2.45	2.4	2.5	2.4	2.475	2.475	2.425	2.45	2.4	2.375	2.125	2.05	1.85	1.9	1.9	2.0	1.9	1.875	1.825	1.7	1.45	1.45	1.325	1.15	1.2	1.25	1.275	1.15	1.05	1.1	1.15	1.175	1.1	1.15	1.05	1.1	1.1	1.15	1.15	1.1	1.2	1.19	1.2	1.2	1.25	1.2	1.15	1.15	1.2	1.175	1.2	1.15	1.19	1.16	1.15	1.15	1.15	1.3	1.5125	1.45	1.5	1.65	1.5	1.55	1.5	1.55	1.375	1.35	1.4	1.3	1.25	1.35	1.275	1.325	1.34	1.3	1.2	1.212	1.225	1.21	1.225	1.2	1.2	1.175	1.2	1.15
abm	41.762	41.96	41.85	42.03	42.694	43.478	43.924	43.328	42.604	42.554	43.636	42.704	40.352	41.066	40.561	40.838	41.434	41.295	41.126	41.106	41.186	41.344	41.424	41.464	41.83	41.256	41.186	41.455	41.007	40.379	40.987	40.519	40.528	41.714	42.56	42.73	42.989	42.839	43.337	43.795	43.776	43.736	44.164	44.403	44.612	44.562	44.443	44.572	44.313	44.572	44.582	44.523	44.333	44.084	43.507	43.088	43.985	43.576	43.865	43.009	42.77	42.869	43.596	43.546	43.606	43.815	43.905	43.636	43.786	44.254	44.453	43.855	43.965	39.881	40.05	40.807	40.369	39.851	39.602	39.403	39.015	38.905	39.134	38.775	39.154	39.712	40.15	40.987	41.375	41.544	42.212	42.66	43.01	42.8	42.62	42.77	42.97	43.07	43.3	43.33	42.7	42.48	42.64	42.52	42.63	42.39	42.36	42.22	42.34	42.29	41.99	41.97	41.13	41.1	41.06	40.63	40.44	40.2	40.01	40.26
abmd	134.9	135.88	138.56	139.72	137.43	141.0	141.55	141.79	142.15	142.06	142.84	141.23	139.97	140.65	142.3	142.88	143.39	145.94	144.46	145.5	144.73	144.49	142.78	140.47	142.41	140.24	143.3	142.29	142.31	139.96	142.05	141.15	142.06	144.08	142.99	145.07	144.04	144.34	144.55	144.19	144.17	147.3	148.3	145.08	142.97	146.25	148.09	146.78	146.44	147.89	151.04	153.35	155.87	155.85	150.01	151.37	154.26	154.51	155.16	153.7	152.16	153.32	154.99	152.9	148.93	147.67	147.9	145.39	147.48	150.8	151.06	150.51	151.61	153.85	156.9	157.81	157.91	158.46	158.87	158.58	157.9	157.1	157.42	159.79	163.96	160.31	160.61	163.72	162.34	168.64	169.86	168.78	171.8	173.65	174.88	173.99	172.1	172.66	173.0	173.85	170.55	172.47	172.95	172.21	174.62	176.0	176.71	171.37	179.59	181.07	179.48	192.92	188.89	190.05	194.9	196.455	197.21	196.97	195.57	195.21
abr	8.0098	8.0196	8.0098	8.0098	8.0196	8.0196	8.0685	8.0196	7.9707	8.0978	8.2249	8.3032	8.2641	8.2152	8.1467	8.176	8.2249	8.2249	8.2152	8.1174	8.1174	8.2249	8.2054	8.2543	8.2738	8.2152	8.1565	8.2249	8.2249	8.1369	8.0	7.9315	8.0	8.1271	8.0293	8.0489	8.0489	8.0098	8.1271	8.0978	8.1858	8.1174	8.0489	8.0587	8.1467	8.0685	8.0685	8.1271	8.1271	8.0391	8.1076	8.0782	8.0391	8.1271	8.0293	8.0	8.08	8.06	8.1	8.02	8.03	8.01	8.01	8.02	8.0	7.99	8.03	8.0	8.05	8.2	8.24	8.1	8.07	8.03	8.0	8.1	8.06	8.04	8.03	8.04	8.01	8.0	8.01	8.02	8.0	7.98	8.03	7.93	8.12	8.2	8.34	8.39	8.4	8.45	8.41	8.41	8.42	8.34	8.32	8.32	8.35	8.45	8.45	8.42	8.39	8.36	8.34	8.28	8.26	8.28	8.19	8.27	8.21	8.25	8.55	8.51	8.44	8.34	8.47	8.49
abrn	25.559	25.59	25.55	25.52	25.41	25.36	25.3878	25.5	25.4445	25.4	25.45	25.41	25.4582	25.5253	25.36	25.4446	25.4739	25.4827	25.4	25.39	25.4	25.4	25.4	25.41	25.42	25.42	25.436	25.45	25.4493	25.45	25.47	25.48	25.44	25.41	25.4	25.41	25.41	25.4368	25.4699	25.455	25.45	25.45	25.5072	25.49	25.5	25.52	25.08	25.1085	25.15	25.1608	25.19	25.22	25.27	25.2373	25.2042	25.09	25.2	25.249	25.26	25.244	25.24	25.221	25.265	25.3	25.2	25.231	25.28	25.2759	25.3	25.31	25.245	25.31	25.32	25.34	25.34	25.26	25.35	25.3422	25.3506	25.3	25.4	25.35	25.42	25.4301	25.45	25.47	25.4318	25.44	25.4792	25.49	25.5	25.5	25.51	25.5162	25.5422	25.52	25.52	25.63	25.5579	25.56	25.63	25.68	25.5834	25.61	25.65	25.68	25.65	25.659	25.686	25.691	25.68	25.2601	25.26	25.3098	25.28	25.37	25.36	25.32	25.32	25.401
abr_a	25.8761	25.822	25.97	25.7864	25.76	25.9798	25.8	25.4355	25.4732	25.6087	25.72	25.56	25.5372	25.5	25.448	25.52	25.6398	25.4702	25.4417	25.6609	25.47	25.48	25.43	25.46	25.4042	25.6179	25.4691	25.4424	25.37	25.38	25.48	25.51	25.61	25.6	25.6	25.62	25.5	25.3	25.5903	25.5	25.57	25.7845	25.57	25.6	25.7328	25.7415	25.55	25.55	25.77	25.69	25.6	25.78	25.7799	25.78	25.83	25.6824	25.8244	25.806	25.75	25.96	25.34	25.5187	25.56	25.59	25.56	25.56	25.35	25.3831	25.35	25.26	25.54	25.4	25.69	25.6	25.4281	25.37	25.5885	25.26	25.45	25.41	25.26	25.25	25.3019	25.4	25.36	25.3559	25.43	25.4	25.371	25.4747	25.4	25.5	25.5132	25.4	25.591	25.46	25.45	25.4433	25.59	25.5303	25.6	25.6399	25.6299	25.47	25.44	25.48	25.51	25.5115	25.53	25.45	25.55	25.5694	25.5944	25.67	25.69	25.77	25.76	25.71	25.68	25.73
abr_b	25.1751	25.34	25.34	25.38	25.3545	25.37	25.36	25.4	25.4682	25.4412	25.47	25.53	25.47	25.4556	25.54	25.53	25.18	25.27	25.1186	25.1267	25.1499	25.1461	25.14	25.15	25.05	25.101	25.089	25.07	25.1	25.05	25.23	25.3665	25.25	25.24	25.4915	25.2201	25.3509	25.3103	25.3526	25.346	25.35	25.3	25.4	25.3267	25.5	25.5	25.4	25.49	25.4	25.49	25.52	25.4	25.4349	25.476	25.33	25.4	25.37	25.3927	25.3366	25.3401	25.4264	25.54	25.5371	25.6	25.61	25.6	25.7699	25.22	25.3	25.1795	25.2941	25.3	25.2052	25.7447	25.4	25.46	25.38	25.31	25.4	25.2	25.2294	25.21	25.4369	25.3732	25.5756	25.33	25.33	25.23	25.36	25.36	25.2	25.4	25.2342	25.2	25.5	25.5	25.5	25.5422	25.54	25.4	25.52	25.5176	25.28	25.31	25.4	25.365	25.4	25.49	25.5249	25.488	25.49	25.5	25.68	25.369	25.5899	25.6	25.555	25.65	25.64	25.68
abr_c	26.231	26.02	26.26	26.1939	26.124	26.22	26.29	26.4499	26.14	26.35	25.7001	25.75	25.7188	25.7254	25.64	25.64	25.838	26.04	26.0	25.9	25.828	25.9	25.67	26.03	26.01	26.0738	25.87	25.8101	26.1	26.02	26.0999	26.2	26.0	26.1485	26.1816	26.0991	26.0511	26.01	25.8801	26.06	26.0	25.93	26.01	26.2918	26.24	26.16	26.207	26.21	26.2088	26.21	26.23	26.3	26.4227	26.253	26.4399	26.1001	26.376	26.3001	26.5064	26.46	26.4237	26.21	25.86	26.0169	25.904	25.9942	26.11	26.049	26.01	25.7257	26.0915	25.974	25.9229	25.9693	25.99	25.792	25.836	25.8257	26.2508	26.0	26.0	26.3391	26.465	26.09	26.46	26.5399	26.48	26.4201	26.45	26.4	26.3978	26.3	26.22	26.175	26.1	26.051	26.07	26.0999	26.18	26.1672	26.312	26.3086	26.2586	26.52	26.32	26.26	26.29	26.3	26.14	26.2867	26.16	26.215	26.22	26.29	26.58	26.57	26.4987	26.5002	26.4213	26.5513
abt	43.071	43.487	44.239	44.526	45.179	45.614	46.01	46.129	45.871	46.069	46.228	46.792	46.672	46.96	47.138	47.613	47.702	48.375	48.256	48.058	48.751	48.563	48.395	48.157	47.969	48.217	48.097	48.197	48.483	47.435	47.929	47.722	47.643	48.19	47.842	48.667	48.518	48.498	49.185	50.598	50.588	50.548	50.578	50.15	49.861	49.364	48.936	48.906	48.986	48.916	49.016	49.055	48.638	48.528	47.822	48.299	48.837	48.578	49.563	49.046	48.498	48.638	49.463	49.394	49.135	49.105	50.011	49.901	49.861	50.687	50.926	50.777	50.936	51.235	51.762	52.19	51.991	51.742	51.434	51.503	51.822	51.155	51.633	51.175	52.25	52.349	52.588	51.891	53.374	53.095	53.414	53.483	54.07	54.648	54.727	54.389	55.125	54.17	54.71	54.65	54.63	55.06	55.77	56.0	56.32	56.08	55.38	55.49	55.48	55.37	54.29	54.23	54.0	54.37	55.47	55.01	55.16	55.25	55.45	54.8
abtx	38.15	38.05	38.2	38.25	38.75	38.65	38.55	38.4	38.45	38.45	39.0	39.85	39.95	39.8	39.65	39.6	39.3	39.3	39.15	37.65	37.75	37.3	37.75	37.25	38.25	38.5	38.3	39.05	39.55	38.5	38.9	39.55	38.4	39.3	39.2	39.25	39.1	39.3	39.4	39.4	39.05	39.15	38.4	38.45	38.0	37.45	37.55	38.0	37.75	37.0	37.05	37.15	36.95	36.65	36.1	36.0	37.2	37.1	36.1	35.55	35.5	35.45	35.5	35.35	35.6	35.9	34.0	33.2	34.15	34.05	34.5	33.3	33.05	32.65	31.85	33.55	33.65	34.45	34.1	34.3	34.85	35.3	36.25	35.9	36.0	36.15	36.1	37.15	36.9	36.8	37.25	37.7	37.4	37.8	37.55	37.85	38.35	38.55	38.55	38.4	38.5	38.55	38.75	38.9	39.0	38.65	39.0	39.05	39.0	39.15	38.85	39.2	38.3	38.9	38.65	38.3	37.2	37.2	36.85	37.25
abus	3.65	3.5	3.35	3.3	3.4	3.4	3.45	3.35	3.4	3.45	3.6	3.55	3.5	3.6	3.5	3.45	3.6	3.55	3.55	3.7	3.75	3.8	3.7	3.5	3.6	3.65	3.6	3.65	3.75	3.8	3.8	3.6	3.7	3.775	3.8	3.85	3.8	3.8	3.8	3.8	3.8	3.75	3.7	3.75	3.5	3.4	3.45	3.65	3.6	3.4	3.4	3.55	3.65	3.7	3.55	3.6	3.65	3.75	3.7	3.6	3.6	3.65	3.7	3.7	3.8	3.9	4.2	4.325	4.275	4.2	4.15	4.35	4.45	4.625	4.7	4.5	4.35	4.5	4.75	5.0	5.65	5.55	6.75	7.0	6.55	6.75	6.4	6.4	6.4	6.2	7.25	7.65	7.05	7.5	7.15	7.05	7.3	7.7	7.4	7.25	7.25	6.95	6.65	6.4	6.5	6.25	5.875	5.55	5.55	6.05	6.0	5.65	5.4	5.45	6.5	6.1	5.65	5.75	5.85	6.15
abx	16.651	16.232	16.352	16.392	16.512	16.212	16.172	16.163	17.011	16.861	16.612	16.292	16.372	16.302	15.923	15.613	15.663	15.673	15.554	15.713	16.063	16.452	16.312	16.053	16.103	15.873	15.883	15.583	15.913	15.633	15.324	15.793	15.873	15.833	15.683	15.963	16.053	16.083	16.103	16.292	16.163	15.404	16.013	16.212	16.502	16.841	16.881	17.211	17.111	17.031	16.582	16.542	16.472	16.702	17.041	17.011	16.692	16.522	16.881	16.821	16.612	16.881	16.831	16.991	17.021	17.111	17.64	17.82	17.75	17.99	18.11	18.22	17.85	18.0	17.81	17.41	17.43	17.1	17.14	17.3	16.92	16.9	16.47	16.33	16.36	16.59	16.42	16.24	16.2	16.09	16.11	16.27	16.42	16.42	16.59	16.7	16.65	16.76	16.68	16.67	16.24	16.22	16.17	16.1	16.03	16.15	15.85	15.75	14.51	14.68	14.69	14.45	14.22	14.1	14.0	14.01	13.99	13.99	14.11	13.98
aby	20.14	20.15	20.269	20.279	20.634	20.763	20.723	20.516	20.644	20.674	20.753	20.743	20.94	21.039	20.565	20.476	20.239	20.219	20.032	19.864	19.933	20.98	21.227	21.02	20.812	21.138	21.099	20.822	20.417	20.121	19.953	19.869	19.755	20.032	19.953	20.061	20.15	20.703	20.506	20.461	20.555	20.624	20.526	20.516	20.773	21.622	21.345	21.306	21.573	21.918	21.8	21.721	21.484	20.911	20.822	20.861	21.099	21.02	21.069	20.703	20.694	21.049	21.168	21.039	20.871	21.099	20.98	20.96	20.72	20.76	20.91	20.81	20.63	20.72	20.79	20.85	20.56	20.54	20.03	19.85	19.78	19.73	19.73	19.83	19.92	19.86	19.84	19.85	19.57	19.68	19.51	19.44	19.44	20.42	20.61	20.22	20.48	20.39	20.8	20.78	21.05	21.42	21.63	21.5	21.76	21.57	22.06	22.02	22.1	22.26	22.28	22.38	22.39	23.08	23.14	23.29	22.975	23.255	23.32	23.48
ac	34.049	33.749	34.098	33.949	33.799	33.949	33.999	33.849	34.198	33.999	33.999	34.148	34.697	34.497	34.647	34.248	33.101	33.899	34.298	33.351	33.55	32.6	33.05	32.85	34.4	34.05	34.0	34.6	34.1	33.9	34.0	33.8	33.5	33.95	33.95	33.85	33.7	33.45	33.35	33.5	33.8	33.6	33.6	33.5	32.5	32.75	33.55	33.3	33.2	32.95	33.75	33.35	33.25	32.75	32.5	32.4	33.2	33.15	32.85	32.75	32.6	32.75	33.15	33.3	33.7	34.05	34.25	33.6	33.2	34.35	34.45	33.6	34.15	34.6	34.4	35.0	35.0	36.5	36.55	34.6	35.15	35.25	35.55	34.5	34.85	35.2	35.75	36.7	36.8	35.7	36.75	36.6	37.4	36.85	37.15	37.45	37.95	37.35	37.5	37.6	37.65	37.85	37.95	37.65	37.75	37.5	37.3	36.9	36.9	37.55	36.85	37.1	37.1	36.9	36.85	37.45	34.35	34.4	34.25	34.25
acad	27.36	26.27	26.02	25.65	25.71	26.82	26.93	26.51	26.16	25.45	26.14	27.4	27.08	27.25	27.38	26.28	27.1	27.99	28.22	29.27	28.68	29.24	29.01	27.64	28.26	28.68	27.89	28.47	29.64	28.69	29.18	27.6	26.76	27.95	28.17	28.59	28.85	28.96	29.0	30.09	30.43	30.47	30.04	30.13	29.47	30.13	29.77	29.55	29.49	29.59	30.69	30.57	29.54	33.21	30.23	31.21	31.89	32.11	31.38	31.03	31.08	30.94	31.44	31.91	32.82	32.45	33.44	33.91	34.72	35.61	36.16	35.2	35.69	35.8	36.97	37.08	37.17	36.46	36.35	36.83	36.98	36.55	36.85	37.63	37.59	37.67	37.43	37.9	38.37	37.67	38.43	38.86	39.14	38.29	38.54	37.59	36.91	35.76	35.5	35.4	36.1	36.99	36.73	35.83	36.32	35.78	35.64	34.89	34.65	35.04	35.18	34.83	34.36	35.11	35.85	32.55	32.46	29.41	29.16	28.59
acbi	18.75	18.8	18.65	18.45	18.55	18.7	18.65	18.55	18.4	18.3	18.65	19.2	19.35	19.375	19.2	19.2	18.85	18.85	18.65	18.5	18.65	18.6	18.7	18.8	18.95	19.2	19.0	19.25	19.25	19.05	19.3	19.15	18.8	18.85	18.6	18.55	18.8	18.55	18.5	18.5	18.6	18.65	18.85	18.7	18.75	18.65	19.3	19.45	19.25	19.0	19.2	19.0	19.1	19.0	18.6	18.4	18.7	18.7	18.75	18.55	17.2	17.4	17.45	17.5	17.5	17.4	17.5	17.4	17.75	17.95	17.3	16.9	16.95	16.6	16.8	17.15	17.15	17.35	17.7	17.7	17.65	17.6	17.8	18.0	17.9	17.95	18.2	17.95	18.2	18.15	18.3	18.5	18.5	18.85	18.8	18.6	18.75	18.65	18.55	18.45	18.5	18.25	18.2	18.2	17.95	17.5	17.4	17.5	17.45	17.25	16.6	16.45	16.4	16.55	16.45	16.35	15.9	15.9	16.15	16.475
acc	47.008	46.793	46.352	46.244	46.528	46.459	46.763	46.939	45.694	46.126	46.224	46.44	46.861	46.93	47.145	47.215	47.371	47.223	47.195	47.381	47.067	47.518	47.743	47.381	47.125	46.783	46.371	46.891	46.166	44.773	45.027	45.125	45.253	45.675	45.792	46.282	47.037	46.93	47.792	47.93	48.038	47.979	46.224	46.548	46.655	46.881	46.999	47.028	46.39	46.498	46.146	46.234	46.273	46.116	46.007	45.73	46.621	46.69	46.928	47.314	46.759	47.234	47.205	47.195	46.947	46.918	46.542	46.611	47.224	47.096	47.422	47.907	47.69	47.907	47.719	48.145	47.086	47.254	47.897	47.719	48.095	47.274	47.462	46.809	46.829	45.245	44.622	43.682	43.998	43.692	44.157	43.969	44.295	44.622	44.374	44.612	44.285	44.651	44.493	44.533	43.652	43.939	43.414	43.315	43.167	43.009	41.782	41.871	41.247	41.643	41.01	41.148	41.762	41.297	41.435	41.584	41.752	42.158	41.93	41.8
acco	11.35	11.25	11.25	11.25	11.35	11.75	11.75	11.35	11.4	11.25	11.8	11.65	11.75	11.65	11.55	11.6	11.35	11.6	11.2	11.2	11.2	11.35	11.45	11.45	11.7	11.45	11.65	11.65	11.7	11.65	12.0	11.9	11.85	11.9	12.0	11.8	12.0	11.95	12.0	12.05	11.9	11.85	12.0	12.0	11.8	11.85	11.65	11.35	10.55	10.75	10.9	11.2	11.15	10.9	10.9	10.9	11.2	10.95	10.95	10.75	10.75	10.9	10.9	10.85	10.85	10.9	10.85	10.9	10.9	10.95	11.1	10.95	11.0	10.95	10.75	11.0	11.2	11.15	11.25	11.35	11.75	11.75	11.65	11.5	11.6	11.65	11.85	12.25	12.15	11.9	12.5	12.7	12.6	12.6	12.65	12.3	12.6	12.7	12.9	13.15	13.0	12.85	12.9	12.75	12.85	12.65	12.75	12.95	13.0	13.05	12.95	13.05	12.7	12.8	12.85	13.05	12.85	12.8	12.75	12.85
acer	7.0042	6.75	6.875	6.4583	6.076	6.2906	6.25	6.0937	6.0417	5.9896	6.1969	6.1458	5.9375	6.2396	6.25	6.1562	6.2333	6.25	6.1792	6.0417	5.9479	6.1667	6.1771	6.4594	6.8302	6.7708	6.7708	12.187	10.417	9.0417	7.7083	8.1385	10.521	9.2719	9.0104	8.8542	9.0958	8.8958	9.792	9.531	9.375	9.2604	9.2708	9.2708	9.1667	9.2708	9.0934	9.4792	9.2708	9.4792	9.582	9.635	9.583	8.8646	8.4385	8.4272	8.6458	8.2292	7.9167	7.8776	7.6052	8.249	9.896	10.085	9.4792	8.5417	8.6469	8.5833	8.749	8.9323	8.8603	9.1667	9.2708	9.802	9.93	10.188	10.104	10.209	10.156	10.625	11.354	11.146	10.103	9.81	9.92	11.0	11.92	12.99	14.7	18.67	16.04	14.9	15.33	15.15	17.45	17.65	18.0	17.75	18.7	19.1	19.35	18.997	17.91	17.811	17.8144	18.57	18.262	17.905	17.51	17.45	17.47	17.26	17.7501	17.85	17.98	17.9	17.87	17.6475	17.45	17.51
acerw	0.0744	0.0548	0.05	0.0402	0.035	0.0409	0.054	0.0578	0.0552	0.0528	0.0498	0.0473	0.0515	0.0462	0.0485	0.0455	0.0428	0.0428	0.0417	0.042	0.0428	0.115	0.148	0.142	0.135	0.111	0.11	0.1363	0.134	0.12	0.1	0.105	0.1043	0.1017	0.0916	0.094	0.085	0.0891	0.0918	0.0871	0.0855	0.0845	0.0836	0.075	0.073	0.0698	0.0628	0.068	0.0695	0.0666	0.0687	0.0693	0.0698	0.0669	0.065	0.0603	0.0635	0.0603	0.0605	0.0596	0.072	0.1	0.096	0.0922	0.0869	0.082	0.0819	0.075	0.0708	0.0751	0.0764	0.0762	0.0725	0.0747	0.076	0.0759	0.074	0.0746	0.0741	0.075	0.09	0.0898	0.0876	0.08	0.092	0.089	0.082	0.0769	0.0769	0.0776	0.0755	0.0733	0.069	0.0652	0.06	0.0602	0.0578	0.0547	0.052	0.0575	0.0557	0.0537	0.0484	0.0496	0.0485	0.0487	0.0422	0.0381	0.0398	0.0373	0.0305	0.0519	0.06	0.0535	0.0525	0.0446	0.0415	0.0226	0.042	0.0332
acet	14.289	14.576	14.516	14.22	13.993	14.388	14.586	14.388	14.358	14.453	14.622	14.87	14.9	15.009	14.8	14.661	14.423	14.87	14.89	14.771	14.989	15.297	15.754	14.81	15.128	15.277	15.347	15.764	15.446	14.989	15.208	15.118	15.089	15.247	15.387	15.406	15.406	15.277	15.089	15.367	15.158	15.148	15.416	15.396	15.267	15.436	16.767	16.966	16.3	16.052	16.042	15.963	16.052	15.943	15.963	15.784	16.032	16.33	16.022	15.704	15.824	15.734	15.933	15.794	15.933	11.254	10.648	10.569	10.47	10.539	10.599	10.43	10.41	10.35	10.28	10.49	10.52	10.66	10.42	10.44	10.84	10.86	11.21	11.22	11.16	11.14	11.05	11.11	11.0	11.23	11.69	11.68	11.64	11.65	11.6	11.28	11.36	11.33	11.13	11.16	11.17	11.08	11.07	11.26	11.27	10.92	10.98	10.96	10.77	10.48	10.14	10.07	9.74	9.23	9.88	9.73	9.65	9.18	9.0	9.02
acfc	7.6	7.68	7.61	7.73	7.53	7.44	7.7	7.65	7.61	7.48	7.6299	7.64	7.61	7.67	7.62	7.77	7.66	7.77	7.77	7.93	7.7285	7.8	7.91	8.0	7.87	7.89	7.84	8.14	7.91	7.74	7.87	7.91	7.78	7.83	7.83	7.79	7.835	7.85	7.82	7.89	7.83	7.84	7.76	7.78	7.8	7.9	7.95	7.85	7.73	7.85	7.89	7.95	7.93	7.9	7.81	7.68	7.95	7.95	7.98	7.99	8.05	8.04	8.11	8.2499	8.32	8.41	8.32	8.42	8.38	8.35	8.34	8.32	8.25	8.07	7.96	8.2	8.11	8.24	8.3	8.33	8.43	8.44	8.6224	8.7	8.77	8.62	8.66	8.75	8.83	8.78	8.78	8.7	8.61	8.61	8.65	8.55	8.55	8.57	8.46	8.65	8.69	8.67	8.74	8.9	8.93	9.0	9.03	8.9	9.0	8.99	8.94	8.71	8.51	8.64	8.65	8.44	8.58	8.53	8.54	8.66
acgl	95.06	95.04	95.55	94.98	97.25	98.23	98.79	98.33	97.14	95.04	94.82	92.8	93.46	93.91	94.25	94.31	94.43	94.7	94.52	94.32	93.04	92.94	92.9	92.98	94.34	94.17	93.28	94.68	95.21	94.21	95.26	95.47	95.82	96.17	96.3	96.16	96.54	96.79	97.45	97.99	98.5	98.49	99.12	99.03	94.61	95.91	97.26	97.59	97.88	97.7	98.05	97.27	97.26	96.94	96.53	96.14	96.66	96.92	96.66	96.38	96.17	96.43	97.01	97.0	96.7	97.41	96.36	96.4	96.65	97.34	97.64	95.14	94.73	91.53	94.32	96.91	97.69	97.99	96.48	96.41	96.87	96.39	96.63	98.09	98.1	98.04	98.13	98.73	98.98	98.51	99.98	100.08	99.69	100.3	99.93	99.55	99.15	98.59	98.55	98.34	98.92	99.59	100.3	101.16	102.15	102.38	101.93	102.11	100.61	99.71	99.83	99.64	97.85	95.38	94.5	95.55	95.56	95.45	95.91	95.35
acglp	23.466	23.516	23.516	23.605	23.644	23.684	23.792	23.782	23.772	23.831	23.792	23.802	23.802	23.8953	23.99	23.95	23.96	24.17	24.15	24.21	24.2	24.29	24.45	24.59	24.47	24.29	24.37	24.39	24.53	24.55	24.55	24.41	24.36	24.26	24.35	24.39	24.4	24.4	24.44	24.48	24.53	24.52	24.4232	24.55	24.5411	24.52	24.62	24.49	24.5	24.5	24.47	24.49	24.47	24.47	24.27	24.36	24.3	24.43	24.43	24.5	24.6	24.54	24.6	24.62	24.62	24.68	24.64	24.6	24.66	24.74	24.69	24.64	24.69	24.64	24.61	24.91	24.9	24.92	24.59	24.645	24.62	24.55	24.65	24.7	24.65	24.68	24.635	24.63	24.68	24.7	24.75	24.81	24.81	24.84	24.8	24.73	24.68	24.83	24.79	24.83	24.89	24.86	24.91	24.93	24.97	24.95	24.95	24.76	24.81	24.8301	24.85	24.91	24.96	24.91	24.93	24.88	24.8	24.8	24.7	24.8
ach	11.44	11.53	11.75	11.77	11.54	11.6	11.41	11.3	11.32	11.84	11.87	11.679	11.67	12.15	12.43	11.9	11.99	12.46	12.55	12.73	12.5	12.25	12.43	12.37	12.8	12.72	12.88	13.27	13.44	13.32	13.73	13.4	13.15	13.43	13.631	14.17	14.7	15.07	15.51	14.99	14.91	14.99	15.4	15.88	15.44	15.29	15.8	15.65	15.9	16.81	16.25	17.16	18.7	19.04	17.81	16.91	17.19	16.69	17.85	17.17	17.2	17.46	17.56	17.35	16.87	17.25	17.25	17.5	18.41	18.65	19.3	18.56	18.62	18.61	18.78	20.49	20.96	21.66	22.08	20.5	21.03	21.31	23.13	23.02	22.52	21.06	20.48	21.24	21.07	22.17	22.51	23.13	23.22	23.45	22.54	22.4	22.63	21.81	22.27	22.59	22.98	22.44	21.95	21.36	22.0	21.43	21.16	21.51	21.34	20.27	19.2	19.92	19.33	19.65	19.17	19.24	19.48	19.27	18.54	18.7
achc	42.64	42.52	42.14	41.32	41.34	43.74	43.69	43.51	43.06	43.57	44.01	45.04	45.09	45.4	46.19	46.0	45.26	46.14	45.42	45.39	47.56	48.03	47.84	47.58	49.35	49.6	49.38	49.08	50.5	47.77	48.98	49.66	49.0	48.75	49.06	49.36	49.14	49.84	50.43	50.9	50.89	51.25	51.29	49.26	49.23	53.0	52.93	52.09	51.48	52.57	52.58	52.56	52.27	51.49	50.97	52.38	52.17	52.01	51.68	46.99	46.9	47.66	47.62	47.43	45.55	45.57	45.79	45.83	45.81	46.94	47.03	46.82	46.29	46.48	46.85	47.28	47.47	47.65	48.76	46.78	45.74	44.84	45.69	45.6	46.02	46.26	46.35	46.74	47.39	47.76	47.61	47.51	46.94	46.48	45.63	44.02	42.96	43.62	43.3	41.72	41.56	41.81	42.27	44.16	44.45	44.69	44.12	32.68	32.42	33.25	31.33	31.36	30.47	30.52	29.95	29.99	29.34	29.14	28.63	28.23
achn	4.14	4.15	4.21	4.35	4.45	4.51	5.03	4.8	4.67	4.5	4.35	4.19	4.12	4.26	4.26	4.16	4.23	4.37	4.51	4.23	4.3	4.38	4.4	4.42	4.44	4.5	4.59	4.72	5.15	4.88	4.78	4.6	4.5	4.6	4.59	4.48	4.41	4.36	4.36	4.32	4.11	4.27	4.22	4.2	4.12	4.21	4.1	4.03	4.01	3.9	3.94	3.97	4.01	4.81	4.43	4.695	4.87	5.0	4.88	4.88	4.67	4.65	4.82	4.82	4.95	4.92	5.0	4.98	5.04	5.1	4.99	4.84	4.83	4.89	4.91	3.825	3.73	3.66	3.57	3.7	3.74	3.86	4.09	4.1	4.11	4.2	4.07	4.37	4.37	4.49	4.72	4.695	4.52	4.71	4.76	4.7	4.67	4.58	4.59	4.59	4.4	4.31	4.28	4.16	4.15	4.01	3.83	3.74	3.71	3.93	4.06	4.02	3.9	4.0	4.05	4.0	3.98	3.89	3.86	3.89
achv	3.9138	3.9083	3.9732	3.938	4.1811	4.0711	3.8951	3.9567	3.8918	3.8225	3.828	3.9061	3.9589	3.8984	3.63	3.8269	3.8225	3.8159	3.6498	3.7257	3.6785	3.7422	3.795	3.8038	3.8665	3.85	3.8511	3.9611	4.07	5.7068	4.62	4.5023	4.345	4.7839	4.8631	5.06	4.983	4.818	4.6915	5.06	5.1304	4.9335	4.84	4.62	4.6178	4.62	4.675	4.576	4.4	4.26	4.1573	3.9	3.82	3.47	2.97	3.34	3.09	2.89	2.72	3.01	2.95	2.75	2.78	2.7	2.625	2.71	2.68	3.69	3.6	3.51	3.35	3.38	3.1	3.09	3.18	3.1	3.1363	3.04	2.98	2.77	2.91	2.74	2.48	2.36	2.35	2.26	2.21	2.22	2.0399	2.03	2.07	2.06	2.03	2.039	2.05	2.04	2.059	2.0	2.02	1.98	2.0	2.0399	1.885	1.85	1.9166	1.97	1.9733	1.89	2.18	2.07	1.81	1.73	1.77	1.77	1.61	1.4	1.39	1.46	1.42	1.39
acia	48.61	46.33	47.97	46.41	47.04	47.48	47.3	46.01	48.09	47.35	48.29	46.1	45.45	45.74	45.32	44.46	45.08	45.1	43.75	40.99	41.64	44.62	43.33	41.62	42.52	41.38	41.47	40.22	40.38	40.58	42.23	42.4	41.35	41.66	41.62	39.0	39.99	39.61	42.49	42.18	43.77	43.58	45.6	44.77	43.55	43.56	43.8	46.37	44.52	45.22	45.35	46.86	47.88	46.25	42.99	43.83	43.68	43.71	44.21	43.9	43.8	42.51	42.71	45.06	48.25	49.23	48.59	49.5	48.11	48.83	48.11	45.56	45.49	44.53	43.58	45.41	46.33	45.92	44.66	44.68	45.8	47.55	47.08	46.32	46.81	45.03	44.8	46.63	47.24	47.1	48.02	48.26	47.46	46.32	48.02	47.33	46.9	46.2	45.93	46.0	45.59	45.34	44.39	44.48	44.93	44.55	44.83	43.95	41.9	40.99	42.06	42.31	43.4	39.1	36.82	36.82	36.78	36.89	35.95	36.11
aciu	8.96	8.91	8.95	8.9	8.9	8.82	8.84	9.45	9.03	9.29	9.33	9.2	8.92	8.99	8.9	8.83	8.51	8.865	8.96	9.14	9.12	9.39	9.24	9.34	9.04	8.9	8.8	8.905	8.8	8.8	8.59	8.3	8.24	8.36	8.5	8.69	8.49	8.24	8.12	8.02	8.08	8.11	8.09	8.15	8.01	7.73	7.33	6.97	7.23	6.7	6.7	7.4	7.61	7.74	7.31	7.12	7.29	7.19	7.43	7.36	7.68	7.8	8.25	8.0	7.9	7.42	7.4	7.06	7.63	7.84	8.18	8.455	9.03	9.6	9.42	9.77	9.78	9.87	10.75	10.93	11.2	10.92	10.57	10.25	10.24	10.3	10.4	10.9	10.78	11.17	11.26	11.48	11.11	11.3	11.26	11.57	12.0	11.98	11.75	11.61	11.8	11.6	11.58	11.75	11.87	11.56	11.43	11.51	11.33	11.65	11.71	11.76	11.95	12.52	11.32	11.81	11.96	11.99	11.75	11.6
aciw	23.15	23.22	23.04	22.95	22.86	23.16	23.43	23.18	23.04	22.935	23.27	22.83	22.88	22.98	22.59	22.64	22.29	22.53	22.52	22.77	23.14	23.51	22.91	22.65	22.92	22.52	22.35	22.2	22.05	21.57	21.92	21.83	22.97	23.75	24.01	23.67	23.88	23.77	23.94	24.11	24.16	24.26	24.42	24.14	24.04	23.1	23.17	23.2	22.28	21.95	22.02	21.73	21.44	21.43	21.3	21.37	22.0	22.13	21.86	21.26	21.33	21.33	21.81	21.71	21.95	22.02	22.115	22.07	22.24	22.76	22.73	22.59	22.6	22.775	22.66	23.07	23.36	22.96	22.72	22.5	22.94	22.85	22.89	23.06	23.03	22.81	22.48	23.15	22.93	22.78	23.18	23.28	23.25	23.42	23.87	23.86	24.08	23.99	24.02	23.94	23.99	23.88	23.97	23.93	24.2	24.08	23.95	24.33	24.44	24.6	24.02	24.08	23.77	23.03	23.5	23.01	22.73	23.19	23.16	23.33
acls	21.9	22.0	22.35	21.8	21.75	22.3	23.5	23.8	24.45	24.75	25.65	24.1	24.15	24.1	23.3	22.7	23.55	24.0	23.4	23.5	23.4	23.7	23.35	22.05	22.6	21.35	20.95	20.65	21.55	21.4	22.55	23.05	22.4	21.85	21.5	21.8	22.85	23.25	23.35	22.9	23.0	23.15	23.1	23.6	22.9	22.85	22.2	21.4	20.5	20.7	20.1	21.75	20.7	20.5	19.45	20.3	21.1	20.6	20.8	19.8	20.65	20.2	20.6	20.15	20.1	19.8	20.3	20.8	20.9	20.9	21.5	20.85	20.95	21.4	21.5	22.5	22.65	23.05	23.3	23.35	24.55	24.9	24.25	24.25	24.95	24.7	24.5	26.0	26.25	27.35	28.55	28.05	27.9	27.95	28.05	27.95	28.0	28.4	30.15	30.65	31.15	31.0	31.4	32.65	33.1	33.1	33.0	32.75	32.15	32.3	32.1	32.9	31.8	31.95	35.2	33.75	33.25	33.9	33.9	33.8
acm	32.54	32.34	32.18	32.42	32.11	32.84	32.95	32.43	32.32	32.32	32.49	33.76	33.39	33.57	33.3	32.56	32.61	32.76	32.39	31.93	32.34	32.27	32.62	32.29	32.64	32.03	32.33	32.85	32.58	32.2	32.65	32.52	32.19	32.65	32.71	32.78	32.82	32.49	32.67	32.27	32.02	31.16	31.98	31.71	31.83	31.58	31.9	31.9	31.58	31.56	31.15	31.33	33.85	33.01	31.96	32.26	32.44	31.82	31.52	31.09	30.58	30.47	31.25	30.98	31.07	31.59	31.78	32.26	32.62	33.5	33.5	32.79	33.23	33.23	33.06	33.38	34.07	33.9	33.85	33.94	34.22	35.01	35.0	34.94	35.54	36.47	36.51	37.04	37.01	36.81	37.06	36.78	36.51	36.57	36.37	36.17	36.25	35.97	35.94	35.69	35.79	35.67	35.4	35.25	35.32	35.16	35.0	34.72	35.17	35.23	35.17	35.06	35.22	35.44	35.71	36.12	36.09	35.8	35.63	35.59
acn	120.78	121.92	121.71	122.58	123.28	124.09	124.53	125.37	125.12	125.34	124.96	124.61	125.09	125.85	126.03	125.81	126.34	126.54	125.32	125.89	120.91	121.56	121.17	121.02	122.55	121.81	122.49	122.74	122.86	121.76	123.02	122.87	122.66	124.27	124.52	125.48	125.21	126.15	126.55	127.31	127.61	126.78	127.71	128.27	126.93	127.17	127.58	128.61	127.39	128.77	128.95	128.44	127.89	128.38	127.01	126.97	128.45	128.14	128.78	126.37	126.22	126.94	128.07	127.13	127.44	128.15	128.0	128.42	128.54	129.51	128.85	128.53	129.86	132.95	132.44	134.92	134.91	133.49	133.57	134.05	135.63	135.4	136.69	135.35	136.58	136.83	135.53	135.33	135.01	133.77	134.14	132.96	133.86	134.91	134.94	135.68	136.2	135.6	137.86	137.86	137.76	137.32	137.42	138.62	139.49	139.33	138.91	141.16	141.97	143.28	143.29	142.36	142.96	143.43	144.04	143.93	143.5	144.89	143.83	143.89
acnb	28.186	28.334	28.186	27.938	28.038	28.534	28.435	28.484	27.988	27.889	28.038	28.186	29.179	28.931	28.98	28.98	28.881	29.03	28.881	28.881	28.931	29.774	29.626	29.477	29.774	30.32	30.271	30.42	29.774	29.973	29.675	29.526	29.377	30.122	29.675	29.626	29.229	28.583	28.286	28.534	28.385	28.236	28.683	28.286	28.186	28.385	28.236	28.335	28.236	28.236	28.038	27.392	27.591	26.003	26.549	26.797	27.541	27.293	26.747	26.152	26.003	25.953	26.35	26.053	26.251	26.499	26.549	26.4	26.0	26.15	26.75	26.3	26.75	26.9	26.85	27.1	26.8	26.85	26.9	27.05	27.7	27.85	27.85	27.95	28.0	27.9	28.2	28.3	28.15	27.7	28.15	28.2	27.95	28.15	28.05	27.85	28.35	28.2	28.35	28.35	28.45	28.25	28.2	28.05	28.3	28.1	28.0	28.0	28.1	28.45	27.8	27.9	27.6	28.0	27.8	27.9992	27.75	27.4	27.1	28.0333
acor	15.15	14.55	14.25	14.1	13.8	14.7	15.2	15.3	15.35	15.25	16.2	16.9	17.2	17.1	17.25	17.1	17.25	17.8	18.15	18.7	18.65	19.45	19.2	19.05	19.75	19.55	19.7	20.1	20.5	20.25	20.85	20.45	20.1	20.15	20.8	20.5	20.3	20.1	20.35	20.9	20.65	22.4	22.85	22.55	21.7	21.7	21.65	21.75	22.25	21.75	21.425	22.2	21.2	20.65	20.45	21.35	21.65	21.2	21.55	21.85	21.9	21.85	22.9	22.65	23.0	25.15	25.7	19.45	19.55	20.8	21.7	21.65	22.8	22.25	22.8	23.2	23.2	23.05	23.1	22.95	23.05	23.35	23.9	23.6	23.45	23.9	23.55	23.45	23.35	23.65	26.05	26.25	25.7	26.65	25.5	25.05	25.35	25.85	25.5	25.85	26.05	26.65	27.05	26.7	27.2	26.2	26.1	26.05	26.0	26.85	27.3	26.575	28.15	27.2	27.7	27.75	27.5	28.65	28.35	27.95
acp	13.544	13.707	13.677	13.639	13.725	13.601	13.658	13.697	13.668	13.505	13.429	13.584	13.584	13.602	13.584	13.602	13.602	13.611	13.594	13.334	13.094	13.229	13.17	13.104	13.285	13.248	13.344	13.419	13.4	13.304	13.534	13.584	13.544	13.554	13.514	13.554	13.583	13.602	13.727	13.718	13.746	13.727	14.174	14.164	14.144	14.114	14.174	14.144	14.24	14.134	14.23	14.25	14.25	14.065	13.752	13.879	13.919	13.919	13.958	13.772	13.841	13.859	13.948	13.948	13.919	13.986	14.046	13.996	14.056	14.075	14.143	14.143	14.202	14.26	14.221	14.28	14.26	14.299	14.358	14.309	14.24	14.162	14.24	14.191	14.358	14.348	14.329	14.398	14.516	14.506	14.535	14.496	14.585	14.614	14.526	14.614	14.653	14.693	14.653	14.594	14.594	14.634	14.594	14.505	14.564	14.673	14.802	14.653	14.505	14.485	14.554	14.495	14.465	14.306	14.225	14.178	14.257	14.217	13.89	13.96
acre	12.635	12.607	12.597	12.635	12.703	12.808	12.971	12.731	12.568	12.645	12.76	12.808	12.885	12.895	12.923	13.0	13.289	13.221	13.105	12.933	13.009	12.943	13.096	12.885	13.022	12.885	12.826	13.032	12.944	12.806	12.797	12.571	12.757	12.738	12.65	12.601	12.699	12.591	12.64	12.65	12.689	12.855	12.718	12.63	12.571	12.669	12.542	12.64	12.62	12.806	12.846	13.12	13.081	13.022	12.934	12.846	12.993	13.032	13.061	12.865	12.895	12.865	12.904	12.963	12.993	13.051	13.081	12.914	12.865	12.924	12.983	12.728	12.689	12.708	12.748	12.836	12.865	12.738	12.797	12.738	12.895	12.914	12.953	12.983	12.924	13.022	13.091	13.12	13.34	13.31	13.43	13.5	13.55	13.65	13.58	13.55	13.48	13.49	13.56	13.64	13.55	13.49	13.49	13.52	13.56	13.24	13.2	13.07	12.89	13.01	13.03	12.98	13.16	13.04	12.93	12.93	12.96	12.92	12.97	13.0
acrs	24.98	25.21	24.81	23.38	23.78	23.53	23.62	23.31	24.26	24.41	25.39	24.84	24.48	24.61	25.07	24.58	25.49	25.76	26.06	26.23	26.02	27.18	26.98	25.99	27.14	27.27	27.12	27.83	27.55	27.47	28.09	28.15	28.15	28.62	28.34	28.23	28.54	28.6	28.94	29.17	29.07	29.59	29.35	29.66	29.18	28.65	28.819	27.93	27.64	27.03	26.81	27.0	26.73	26.97	23.02	25.08	26.59	26.9	26.59	25.26	24.96	24.6	24.6	25.71	25.82	24.84	24.45	24.6	25.05	25.93	25.8	25.87	26.44	27.38	27.45	26.59	26.08	26.95	26.44	25.83	25.35	25.29	25.86	25.97	25.51	26.0	25.93	26.05	25.79	25.81	26.4	26.24	26.71	27.21	27.61	27.8	27.03	26.57	26.55	26.14	26.54	26.55	27.03	26.63	26.09	25.82	25.57	25.39	24.11	24.69	25.22	25.21	25.01	24.49	24.55	23.96	21.98	22.65	22.04	23.23
acrx	2.65	2.55	2.55	2.5	2.5	2.5	2.65	2.525	2.45	2.25	2.3	2.225	2.2	2.375	2.4	2.3	2.4	2.5	2.5	2.5	2.4	2.15	2.25	2.05	2.1	2.15	2.15	2.1	2.05	2.05	2.1	2.175	2.25	2.25	2.15	2.4	3.15	3.1	3.0	3.125	3.15	3.65	3.8	3.7	3.45	3.65	3.9	3.4	2.95	2.775	2.9	2.95	2.9	3.05	2.95	2.95	3.05	2.975	3.0	2.975	2.95	2.95	2.95	3.0	2.975	2.95	3.05	3.2	3.35	3.3	3.25	3.3	3.25	3.25	3.25	3.2	3.25	3.15	3.0	3.1	3.2	3.2	3.2	3.2	3.35	3.9	4.25	4.4	4.3	4.6	5.5	5.5	5.225	5.05	5.15	5.2	5.5	5.35	2.15	2.125	1.95	1.75	1.75	1.75	2.0	2.025	2.0	1.925	1.8	1.85	1.85	1.9	2.0	2.0	1.975	1.9	1.9	1.95	1.95	1.975
acsf	12.854	12.806	12.806	12.71	12.566	12.758	12.422	12.47	12.47	12.47	12.422	12.47	12.47	12.422	12.422	12.135	12.039	12.326	12.086	12.325	12.277	12.325	12.422	12.47	12.519	12.567	12.422	12.519	12.374	12.519	12.567	12.567	12.567	12.567	12.663	12.663	12.422	12.422	12.519	12.421	12.373	12.373	12.519	12.519	12.421	12.373	12.421	12.323	12.421	12.323	12.275	12.323	11.836	11.691	11.691	11.544	11.544	11.544	11.495	11.495	11.398	11.544	11.348	11.299	11.348	11.299	11.25	11.2	11.151	11.2	11.741	11.544	11.495	11.495	11.348	11.25	11.2	11.2	11.151	11.348	11.2	11.299	11.25	11.2	11.497	11.398	11.497	11.522	11.349	11.349	11.299	11.448	11.398	11.398	11.349	11.398	11.349	11.299	11.299	11.349	11.398	11.299	11.299	11.2	11.35	11.35	11.3	11.2	11.2	11.1	11.1	11.05	11.05	10.75	10.75	10.75	10.75	10.75	10.65	10.6
acsi	28.44	28.6917	28.6175	28.6	28.5647	28.85	28.96	28.909	28.76	28.8568	28.89	28.89	28.88	29.01	29.05	28.9	28.87	28.95	28.81	28.66	28.7	28.67	28.8	28.6643	28.84	28.6899	28.73	28.77	28.72	28.46	28.5799	28.47	28.44	28.58	28.7	28.78	28.83	28.77	28.91	29.0	29.03	28.91	29.12	29.04	29.06	29.0153	28.97	29.1	29.13	29.17	29.33	29.4	29.37	29.26	28.86	28.84	29.04	28.95	28.9789	28.67	28.57	28.5642	28.7968	28.78	28.66	28.78	28.709	28.5945	28.73	28.8	28.8825	28.69	28.7777	28.629	28.6324	28.88	28.99	29.1	29.04	29.13	29.0569	29.02	28.939	28.87	28.81	28.8899	29.0	29.16	29.159	29.23	29.25	29.3469	29.37	29.5	29.52	29.36	29.4044	29.449	29.39	29.45	29.4	29.45	29.49	29.485	29.65	29.57	29.63	29.44	29.58	29.6725	29.5125	29.599	29.56	29.51	29.62	29.57	29.455	29.53	29.53	29.5723
acst	1.26	1.2599	1.25	1.24	1.2419	1.287	1.27	1.2933	1.25	1.29	1.2548	1.29	1.27	1.27	1.371	1.47	1.32	1.29	1.3001	1.29	1.26	1.25	1.26	1.3	1.27	1.31	1.28	1.32	1.27	1.29	1.29	1.28	1.339	1.33	1.3001	1.26	1.26	1.3257	1.2999	1.28	1.28	1.32	1.28	1.3799	1.3	1.3	1.32	1.2899	1.33	1.3	1.29	1.28	1.3	1.31	1.31	1.3299	1.29	1.27	1.31	1.31	1.3	1.34	1.29	1.32	1.33	1.28	1.295	1.3	1.29	1.2824	1.28	1.32	1.3	1.34	1.33	1.311	1.303	1.32	1.3127	1.32	1.29	1.3182	1.2836	1.32	1.3201	1.34	1.35	1.3363	1.39	1.42	1.33	1.32	1.32	1.335	1.34	1.33	1.334	1.35	1.35	1.35	1.3799	1.32	1.33	1.3	1.3	1.3093	1.29	1.31	1.29	1.3001	1.3	1.281	1.3	1.27	1.28	1.25	1.24	1.26	1.27	1.31
acta	14.25	14.15	14.1	14.0	14.0	14.15	14.6	14.45	14.1	14.1	14.2	14.2	14.15	14.15	14.25	14.15	13.95	14.4	14.05	14.4	14.15	14.15	14.1	14.0	14.05	14.05	14.05	13.9	13.85	13.75	14.05	14.0	14.05	14.05	14.1	13.95	14.0	13.95	13.9	13.85	13.6	13.8	13.9	13.95	13.6	13.5	13.5	13.6	13.3	13.0	12.9	12.85	12.7	12.0	12.45	12.5	13.2	12.75	13.0	12.7	12.7	12.6	12.65	12.6	12.45	12.45	12.55	12.75	12.7	12.8	12.6	12.55	12.45	12.7	12.4	12.45	12.35	12.15	12.1	12.0	12.15	12.4	12.35	12.3	12.35	12.25	15.275	15.25	15.25	15.3	15.35	15.35	15.4	15.5	15.5	15.5	15.65	15.85	15.7	15.65	15.65	15.6	15.65	15.6	15.65	15.55	15.6	15.5	15.45	15.45	15.4	15.45	15.45	15.475	15.5	15.5	15.45	15.5	15.65	15.55
actg	4.4	4.4	4.25	4.0	3.95	4.0	3.95	3.9	4.1	4.1	4.0	4.2	3.95	4.0	3.85	3.8	3.8	4.0	3.95	3.9	4.05	4.1	4.15	4.4	4.5	4.3	4.1	4.15	4.1	3.9	4.0	3.9	3.9	3.95	4.0	4.0	3.95	4.0	4.15	4.05	4.05	3.95	3.95	4.0	4.15	3.6	3.45	3.4	3.25	3.45	3.5	3.4	3.25	3.1	3.05	3.0	3.05	2.95	2.9	2.9	2.95	3.0	3.05	3.1	3.45	3.3	3.2	3.4	3.35	3.25	3.4	3.35	3.45	3.4	3.7	3.85	4.0	3.85	4.05	4.05	4.05	4.45	4.45	5.05	4.95	4.85	5.0	4.65	4.1	4.55	4.65	4.65	4.3	4.225	4.1	4.1	4.3	4.35	4.2	4.2	3.95	3.9	4.15	4.1	4.2	4.2	4.2	4.1	4.25	4.35	4.5	4.5	4.475	4.45	4.45	4.5	4.2	4.15	4.0	4.0
acu	26.656	26.508	26.785	27.221	26.944	28.104	27.578	28.252	27.647	28.252	27.757	27.757	27.261	28.124	27.389	26.811	26.815	26.666	28.098	27.569	27.379	27.152	26.503	26.666	26.76	26.666	27.311	27.707	28.449	28.352	27.826	28.352	28.202	27.78	27.063	27.331	27.905	27.806	27.757	27.647	27.368	27.568	27.886	28.165	27.06	27.607	27.498	27.458	27.538	27.866	28.069	28.314	27.976	27.836	27.378	28.045	26.622	26.97	26.718	27.916	27.717	27.568	26.702	26.396	25.179	25.382	24.482	24.383	23.693	24.184	23.726	23.467	24.384	24.671	24.801	25.677	24.413	25.756	25.88	26.314	23.885	24.88	24.96	23.316	24.253	25.288	24.093	24.234	24.058	23.885	22.89	23.6675	24.0	24.11	23.91	24.0	24.35	24.17	24.16	24.6	24.85	24.9168	25.085	23.55	24.5	24.5	24.0	23.4863	22.35	23.093	22.28	22.5	22.3	24.017	23.6	22.4171	22.4	22.35	22.0	22.3
acv	19.803	19.488	19.498	19.612	19.89	19.9	20.118	20.108	20.088	20.088	20.173	20.24	20.164	19.885	20.135	20.095	20.077	20.057	19.808	20.105	20.289	20.327	20.461	20.0	20.154	20.085	20.154	20.48	20.529	20.26	20.452	20.577	20.296	20.615	20.615	20.741	20.722	20.993	20.79	20.887	20.964	21.11	21.314	21.119	21.082	20.993	20.956	21.168	21.226	21.198	21.191	21.284	21.274	21.157	19.946	20.073	20.386	20.396	20.503	20.356	20.376	20.259	20.396	20.493	20.356	20.406	20.396	20.415	20.62	20.747	20.845	20.63	20.6	20.473	20.473	20.582	20.592	20.621	20.769	20.799	20.749	20.7	20.828	20.848	20.877	20.917	20.887	20.957	21.094	21.163	21.311	21.311	21.399	21.389	21.488	21.606	21.951	21.653	21.881	22.139	22.0	21.782	21.792	21.871	22.0	21.981	22.02	21.772	21.693	21.673	21.742	21.792	21.881	22.08	22.12	22.139	22.249	22.09	22.06	21.97
acxm	25.85	26.06	25.91	25.73	26.2	26.54	26.74	26.45	26.03	26.0	26.42	26.17	26.57	26.64	26.39	26.64	26.26	26.29	25.88	25.84	26.21	26.23	26.27	26.12	26.45	26.01	25.98	25.89	25.8	25.42	25.86	25.56	25.49	25.65	26.21	26.64	26.78	26.71	26.99	27.02	26.87	26.99	27.14	26.99	26.99	27.08	26.97	26.95	26.84	26.77	25.08	24.06	23.62	23.08	22.76	22.97	23.34	22.98	22.85	22.4	22.1	21.85	22.38	22.13	22.74	22.69	22.58	22.91	23.02	23.29	23.5	23.45	23.495	23.5	23.42	23.61	23.89	23.59	23.63	23.49	23.97	23.8	23.86	23.93	24.34	24.3	24.48	24.85	24.83	24.64	24.74	24.93	25.08	24.89	24.75	24.79	24.88	24.69	24.7	24.94	24.88	24.75	25.01	25.09	25.43	25.06	25.12	24.97	25.01	25.08	24.95	25.16	24.65	27.35	26.59	26.6	26.32	26.5	26.46	26.42
acy	10.2442	10.4	10.2808	10.4	10.35	10.35	10.35	10.5	10.9	11.6644	11.85	11.95	12.05	11.5172	12.0	12.25	12.4	12.9	12.35	12.8	12.8	12.7395	11.85	11.4221	11.9	12.5	12.5575	12.336	12.35	12.275	12.9	13.675	15.0	13.85	14.45	14.7	14.9	14.2	13.075	12.1	12.7	12.669	13.1	12.6	11.7	12.05	12.8	11.65	11.7	11.9	11.9	12.2	12.15	11.75	11.975	11.4	11.3	10.8	10.95	10.75	10.4	10.2	10.45	11.45	11.3	11.35	11.95	12.0	11.3	12.6	13.15	14.0	13.65	13.25	12.55	11.6	11.3113	11.6	13.75	12.85	13.0	13.85	14.3	14.1677	14.25	14.4	14.108	14.5	14.45	14.1727	14.45	14.7945	14.35	14.1	14.15	14.3179	14.95	14.7	14.3931	14.3765	13.85	13.8517	13.7738	14.0724	13.55	13.3	12.85	12.75	12.6	12.45	14.1	14.05	13.3	13.5	13.2	13.5	13.55	13.8	12.3676	12.6
adap	5.32	5.3	5.34	5.33	5.28	5.44	5.32	5.23	5.11	5.1	5.07	4.96	4.9	4.76	4.66	4.57	4.57	4.55	4.4	4.52	4.89	4.92	4.82	4.69	4.78	4.59	4.49	4.44	4.53	4.85	4.89	4.78	4.75	5.09	5.35	5.57	5.64	5.82	5.88	5.94	5.7	5.68	5.58	5.45	5.35	5.39	5.25	5.29	5.34	5.4	5.43	5.49	5.47	5.3	5.12	5.11	5.16	5.18	5.14	5.2	5.05	4.93	5.04	5.24	5.22	5.21	6.0	6.01	6.23	7.0	6.58	6.8	6.74	7.55	8.93	8.85	8.5	8.87	8.86	8.77	8.47	8.28	8.28	8.41	7.93	8.58	8.08	8.02	8.16	8.19	8.71	8.7	8.74	8.53	8.2	8.26	8.32	7.84	7.77	7.64	7.33	7.01	7.03	7.1	7.15	6.82	7.05	6.97	7.3	7.67	7.9	7.85	7.51	7.86	8.17	8.45	8.17	8.18	8.06	8.1
adbe	141.12	142.85	141.89	142.41	141.86	141.38	143.48	143.59	143.03	143.62	142.63	138.05	137.25	139.09	138.25	137.52	137.84	140.35	140.91	144.24	143.69	145.41	144.96	142.54	143.81	141.24	141.43	138.41	141.21	140.75	142.22	143.34	142.93	145.91	145.05	146.16	146.4	147.89	148.92	149.97	149.52	149.53	148.21	149.78	146.2	146.73	146.49	147.36	147.13	147.79	147.7	148.44	147.81	148.3	144.92	146.47	149.16	150.36	151.8	148.23	147.96	149.26	152.25	151.1	150.81	151.45	151.79	152.14	153.67	155.16	155.06	154.28	153.76	155.49	155.34	156.87	156.31	156.24	154.95	154.49	155.77	156.6	149.96	149.3	148.5	144.57	145.4	146.43	146.83	149.19	147.94	148.6	147.95	150.25	151.1	151.5	152.15	153.65	153.61	153.93	150.46	150.38	153.0	171.73	175.64	172.16	171.58	171.83	173.75	177.33	176.03	175.16	176.25	180.94	182.3	180.8	180.89	184.06	181.92	181.72
adc	44.848	45.122	45.053	44.672	44.584	45.455	45.67	45.582	45.513	45.895	45.885	46.522	46.669	46.796	47.344	47.198	47.08	46.865	46.845	46.571	46.159	46.257	46.385	46.375	46.469	45.628	45.4	45.281	45.153	45.311	45.796	45.153	45.202	46.232	45.677	46.4	46.667	46.914	46.974	46.766	46.766	46.499	47.291	48.439	48.538	48.666	48.666	48.805	48.508	49.062	49.161	48.904	49.082	48.825	48.656	48.013	48.726	48.32	48.528	48.3	48.33	49.151	48.894	49.122	48.904	48.874	48.449	48.538	48.478	49.607	49.745	49.725	49.616	49.963	49.983	50.072	49.696	49.636	50.369	50.497	50.418	50.25	49.715	49.557	49.211	49.438	49.26	48.795	49.38	49.08	49.7	49.63	49.4	49.32	49.02	49.34	49.56	49.4	49.4	49.75	49.92	50.19	50.35	50.28	49.52	49.06	49.16	47.91	47.12	47.2	47.26	47.29	47.58	48.17	48.01	48.18	48.72	49.02	48.9	48.67
ades	8.9533	9.0102	8.9723	8.83	8.8964	9.0197	8.9817	9.0766	9.2473	8.9723	9.0387	9.124	9.0008	9.1999	9.0102	9.1904	9.162	9.2189	9.2759	9.1146	8.9249	8.6498	8.9326	8.6498	8.9911	9.0106	8.9326	9.1471	9.0399	8.7961	8.7961	8.8058	8.8546	8.9228	9.0594	9.1666	9.3812	9.3129	9.4787	9.3129	9.3422	9.3617	9.771	9.849	9.791	10.298	10.483	10.932	10.707	10.551	10.327	10.425	10.191	10.054	10.132	9.957	9.859	9.81	9.82	9.63	9.66	9.8	9.92	10.11	10.29	10.39	10.33	10.1	10.58	10.38	10.32	9.99	10.11	10.05	9.8	9.93	9.8	9.82	9.92	9.94	10.06	10.25	10.25	10.38	10.39	10.57	10.4433	10.58	10.9	10.96	11.03	11.53	11.63	11.83	11.61	11.51	11.58	11.59	11.55	11.51	11.42	11.57	11.61	11.605	11.57	11.64	11.8	11.76	11.45	11.61	11.78	12.01	11.8	11.83	11.75	11.52	10.74	10.93	11.29	11.56
adhd	1.13	1.12	1.13	1.12	1.11	1.19	1.18	1.14	1.13	1.13	1.13	1.21	1.18	1.18	1.19	1.165	1.12	1.15	1.13	1.12	1.12	1.12	1.15	1.12	1.14	1.1301	1.12	1.13	1.13	1.11	1.11	1.13	1.13	1.12	1.14	1.13	1.13	1.1299	1.12	1.14	1.12	1.12	1.12	1.12	1.11	1.12	1.11	1.095	1.0999	1.09	1.08	1.08	1.02	1.02	1.03	1.04	1.045	1.02	1.01	1.035	1.02	0.9999	1.01	1.01	1.02	1.02	1.04	1.01	1.01	1.03	1.03	1.03	1.01	1.02	1.065	1.11	1.11	1.12	1.1	1.12	1.07	1.06	1.08	1.1	1.12	1.12	1.11	1.11	1.01	1.01	1.05	1.0114	0.99	1.01	1.05	1.09	1.09	1.095	1.17	1.21	1.15	1.23	1.27	1.51	1.59	1.46	1.51	1.44	1.49	1.5	1.52	1.57	1.49	1.43	1.47	1.43	1.44	1.35	1.3414	1.39
adi	81.214	81.43	81.896	83.864	84.813	81.302	80.016	77.881	79.216	80.389	81.99	78.171	79.305	80.787	80.499	79.315	79.603	79.932	78.768	79.544	80.876	81.105	80.131	77.714	78.768	77.316	77.376	75.695	77.316	76.908	78.042	78.301	79.424	79.932	79.832	81.105	80.648	80.697	79.932	80.409	78.529	78.34	79.086	80.28	79.116	78.808	78.579	78.519	78.39	77.515	77.356	78.44	78.539	77.555	76.411	77.614	79.464	79.524	79.623	77.137	77.316	77.276	78.738	78.639	78.838	78.539	79.007	79.116	83.263	83.214	83.92	82.547	82.06	81.1	80.44	82.22	82.15	82.06	82.34	83.84	85.17	85.24	83.69	84.24	84.92	83.88	83.91	84.92	85.64	86.17	85.82	85.9	87.0	87.89	87.87	87.71	88.0	88.57	88.83	89.06	88.83	88.94	89.0	88.8	88.93	88.77	90.29	89.86	90.56	91.21	91.32	91.3	90.99	90.79	91.81	92.28	91.9	92.0	89.7	89.59
adm	42.225	42.295	42.126	41.789	41.263	41.501	41.898	41.62	41.63	41.59	41.69	41.699	42.106	42.037	41.729	42.037	42.235	42.116	41.164	40.935	40.717	40.846	40.985	40.687	40.826	40.32	41.064	41.144	41.481	40.786	40.925	40.499	39.983	40.588	41.064	41.164	41.283	40.866	40.965	41.104	40.945	41.064	41.64	41.392	41.461	41.461	41.858	42.97	42.166	42.295	42.265	42.116	41.918	42.166	41.799	40.945	41.63	42.05	42.15	41.67	41.27	41.56	41.72	41.77	41.08	41.75	41.77	41.74	41.86	41.32	42.2	41.94	42.4	42.59	42.37	42.79	43.21	43.29	43.45	43.84	44.09	43.89	43.32	43.29	43.38	43.57	43.52	43.05	42.75	42.51	42.62	42.72	43.03	43.35	43.0	42.61	43.01	43.29	43.44	44.0	43.7	43.67	43.31	43.31	43.49	43.57	43.73	43.44	43.01	43.07	42.81	40.87	40.62	40.16	39.78	39.27	39.54	39.8	39.6	39.93
adma	3.56	3.53	3.9911	3.8	3.7	3.82	3.7499	3.69	3.66	3.62	3.53	3.45	3.45	3.37	3.18	3.18	3.045	3.034	3.0001	3.04	2.96	3.15	3.6	4.06	3.85	3.75	3.7	3.74	3.48	3.5892	3.5	3.45	3.23	3.25	3.3	3.5	3.72	3.69	3.71	3.61	3.55	3.69	3.64	3.68	3.63	3.37	3.45	3.1705	3.47	3.3	3.35	3.2	3.16	3.04	2.91	2.94	2.96	3.07	3.05	3.07	3.02	2.76	2.89	2.99	3.11	3.05	2.96	3.3	3.49	3.45	3.46	3.56	3.6	3.62	3.4858	3.55	3.71	3.55	3.29	3.28	3.35	3.09	3.29	3.25	3.32	3.32	3.3	3.27	2.92	3.08	3.24	3.13	3.08	3.08	3.19	3.18	3.1	3.13	2.91	2.96	2.97	2.93	2.76	2.86	3.05	2.97	2.86	2.79	2.79	2.76	2.53	2.34	2.44	2.205	2.24	2.06	2.24	2.16	2.4	2.32
admp	4.0	3.8	3.7	3.65	3.85	4.15	4.55	4.55	4.35	4.25	4.1	4.3	4.325	4.2	3.75	5.75	5.2	5.1	4.825	4.95	5.3	5.4	5.2	5.0	5.2	5.05	5.15	5.3	5.55	5.55	5.5	5.575	5.4	5.45	5.35	5.3	5.25	5.1	5.1	4.65	4.85	4.75	4.75	4.6	4.35	4.7	4.6	4.45	4.35	4.375	4.6	4.55	4.6	4.55	4.5	4.8	4.85	4.7	4.6	4.55	4.6	4.85	5.3	5.25	5.35	5.35	5.2	5.15	5.4	5.45	5.5	5.65	5.5	5.4	5.45	5.5	5.4	5.3	5.2	5.15	5.15	5.1	5.2	5.2	5.25	5.3	5.25	5.275	5.3	5.225	5.25	5.175	5.2	5.375	5.275	5.2	5.125	5.2	5.1	4.8	4.75	4.95	5.05	5.25	5.35	5.65	5.4	5.45	5.4	5.4	5.2	5.2	5.05	5.2	5.2	5.1	4.9	4.8	4.7	4.775
adms	16.01	15.55	15.65	15.4	15.38	16.25	16.88	17.08	17.01	17.5	17.39	17.56	17.41	17.28	17.27	17.25	17.49	17.35	17.23	17.08	16.82	17.5	17.39	16.88	17.19	17.58	17.49	17.96	17.76	17.9	17.92	16.98	16.77	16.68	16.96	16.99	16.96	17.03	17.39	17.62	17.66	18.45	18.26	17.9	17.63	17.66	17.35	17.17	17.17	17.06	17.21	17.03	16.82	16.42	15.25	15.84	15.28	14.68	13.68	14.01	14.29	14.51	14.3	14.39	14.22	19.93	20.27	21.68	20.9	20.94	21.29	21.97	21.45	21.26	21.87	20.77	20.72	20.53	20.54	21.53	21.12	21.3	21.37	21.32	21.37	21.24	20.23	20.14	20.83	21.17	21.56	21.69	22.14	23.81	23.11	22.14	21.69	20.74	19.84	19.02	18.98	19.02	19.24	19.42	19.26	18.31	18.13	19.85	18.66	19.51	23.61	24.66	26.62	26.27	28.0	27.45	27.0	27.22	27.36	27.75
adnt	67.808	65.564	66.15	66.438	68.026	69.356	70.488	69.386	68.205	68.88	67.857	66.924	66.239	65.346	63.469	64.075	61.415	61.276	61.892	63.113	63.619	63.659	64.353	62.735	64.185	64.294	64.9	65.485	65.594	65.673	67.152	67.688	68.413	68.185	68.939	68.343	69.396	69.257	69.714	70.081	68.205	67.706	68.025	68.823	66.112	65.324	65.255	63.779	64.088	63.829	64.696	65.195	65.274	65.045	63.789	65.215	66.152	65.793	66.431	65.334	65.753	67.657	68.793	68.932	68.793	68.075	67.786	68.075	69.431	70.447	71.942	72.012	72.321	72.271	72.311	73.328	73.617	75.142	76.149	79.996	79.996	81.919	82.318	81.969	82.677	81.9	85.428	83.893	83.823	83.714	84.69	84.9	84.79	84.142	84.391	83.654	83.933	84.212	83.973	83.504	84.79	85.16	85.45	84.98	85.1	85.0	85.93	83.64	83.63	84.2	83.5	84.36	84.93	81.08	78.7	78.64	78.09	77.42	76.95	77.42
adp	98.893	100.06	100.25	100.43	101.25	102.23	99.88	100.0	100.1	100.41	100.24	99.58	101.0	101.33	100.72	101.63	102.94	103.56	101.94	101.96	101.37	100.88	101.67	100.96	102.14	100.92	101.92	101.88	103.52	102.89	104.59	103.11	101.3	101.96	101.09	100.82	101.16	100.77	102.21	102.79	104.04	102.99	102.64	105.42	115.02	116.76	118.28	116.16	114.64	111.16	110.79	111.58	107.94	109.08	108.33	108.24	109.11	110.99	110.52	104.13	103.86	102.35	103.17	102.91	104.04	104.04	104.21	104.57	105.37	105.91	106.78	105.87	107.48	108.92	108.41	107.5	107.92	107.2	106.79	106.78	106.55	107.48	106.83	106.79	108.16	108.82	108.27	109.64	109.02	109.32	109.32	110.71	111.4	113.57	113.48	113.57	114.11	113.09	113.59	113.86	114.58	113.72	113.93	114.62	115.93	117.01	116.46	116.34	117.3	118.25	116.98	116.26	115.4	114.34	112.24	111.32	112.75	112.59	111.97	111.09
adro	10.15	10.2	10.05	9.95	10.0	9.9	10.15	10.3	10.05	10.15	10.55	10.75	10.75	10.65	10.75	10.5	10.55	10.5	10.55	10.85	11.15	11.3	11.2	10.95	11.15	11.45	11.4	11.05	11.45	12.5	13.0	12.9	12.7	12.6	12.6	12.7	13.1	13.3	13.45	13.7	13.7	13.95	13.7	13.8	13.25	13.1	12.85	12.65	12.6	11.9	12.25	12.25	12.3	12.15	11.15	11.35	11.45	11.35	11.3	11.15	10.75	10.8	11.0	11.2	11.3	11.0	11.15	11.25	11.9	12.15	11.7	11.7	11.65	11.75	11.65	11.15	11.1	11.05	11.2	11.2	11.15	11.0	11.0	11.0	10.8	10.9	10.55	10.8	10.9	10.65	11.0	11.2	11.1	10.75	10.35	10.1	10.15	10.0	9.75	9.25	9.5	9.65	9.55	9.225	9.2	8.75	8.5	8.4	8.25	8.3	8.25	7.95	7.55	7.525	7.95	7.85	7.8	7.8	7.85	7.95
ads	236.63	244.5	242.93	241.05	240.04	240.55	236.76	235.44	239.17	237.16	240.91	240.26	243.28	245.17	242.21	248.9	253.74	256.24	256.93	257.76	258.49	260.07	259.73	258.78	261.41	256.95	255.53	257.06	258.1	253.17	255.01	254.88	258.14	259.09	263.37	262.94	260.88	260.81	262.33	237.54	235.47	239.06	240.97	237.68	239.62	239.96	240.33	238.78	239.35	238.9	238.18	237.89	234.38	231.39	221.7	222.13	221.9	225.93	228.09	222.51	220.76	220.64	222.37	220.32	222.39	221.51	223.16	223.12	224.57	224.98	224.66	218.99	219.87	215.55	213.83	218.68	221.1	221.95	218.37	215.5	216.59	214.55	209.94	215.31	216.26	216.89	218.43	219.35	220.1	221.04	223.18	225.23	225.19	226.18	225.7	225.7	226.07	224.28	219.63	230.33	228.24	226.42	227.85	232.26	238.82	238.78	239.25	235.28	232.05	231.3	223.95	223.21	225.68	225.72	225.07	230.16	229.19	229.08	227.38	224.93
adsk	112.48	113.89	113.03	113.16	111.77	113.03	112.91	110.88	111.44	111.17	111.11	105.95	107.44	107.55	106.2	105.58	104.88	106.16	104.93	105.69	106.78	107.75	106.12	102.92	104.28	101.39	100.82	99.36	102.6	102.05	103.32	103.74	104.3	106.68	107.07	108.74	106.94	107.7	110.22	109.91	109.75	110.81	112.26	114.08	111.52	111.5	110.79	111.38	109.13	107.88	108.39	109.82	108.35	107.45	104.98	108.01	108.9	109.8	110.49	107.89	108.56	109.75	111.01	110.65	110.61	114.97	111.49	111.27	113.29	114.46	113.71	113.77	113.79	114.08	114.44	116.48	116.16	116.18	115.47	114.13	113.84	113.08	112.73	112.29	111.78	109.82	110.61	111.96	111.45	112.26	112.47	113.63	114.05	116.54	116.96	117.13	117.05	118.57	118.99	119.63	119.2	118.72	118.54	119.29	120.81	118.99	119.29	119.94	121.35	123.58	123.91	124.96	124.78	124.72	124.85	123.82	123.4	123.83	122.4	123.11
adsw	22.84	23.07	22.96	22.83	23.32	23.58	23.83	23.56	23.76	23.77	23.61	23.83	23.23	23.41	23.4	23.46	23.75	23.43	23.23	23.07	23.19	23.21	23.1	22.85	22.9	22.61	22.73	22.72	22.71	22.58	22.71	22.44	22.49	23.0	23.11	23.2	23.25	23.4	23.42	23.41	23.45	23.43	24.0	24.02	24.05	23.96	24.18	24.35	24.26	23.92	24.0	22.85	23.5	23.1	23.0	22.95	22.97	22.93	23.2	23.22	22.94	22.98	23.11	23.2	23.49	23.56	23.49	23.69	23.63	23.84	23.85	23.76	23.78	23.69	24.38	24.53	25.02	24.86	24.68	24.38	24.48	24.41	24.3	24.23	24.44	24.48	24.61	25.0	25.12	25.19	25.46	25.55	24.61	24.67	24.48	24.43	24.53	24.87	24.74	24.6	24.59	24.54	24.51	24.29	24.68	24.56	24.52	24.64	25.47	24.85	24.85	24.92	24.53	22.6	22.54	22.54	22.78	22.65	22.62	22.82
adtn	19.59	19.541	19.74	19.541	19.095	20.236	20.236	20.334	20.384	20.236	20.384	20.484	20.286	20.434	20.286	20.086	20.236	20.236	19.938	19.492	19.64	19.74	19.838	19.888	20.334	20.236	20.533	20.632	20.484	19.888	20.286	20.384	20.236	20.582	20.086	20.236	20.334	20.334	21.823	23.608	23.136	23.459	23.608	23.161	23.161	23.013	23.261	23.55	22.952	22.703	22.355	22.205	22.454	22.056	21.707	21.707	21.857	21.608	21.757	21.409	21.508	21.359	21.558	21.608	21.956	22.156	21.907	21.857	21.956	22.006	22.156	21.558	21.608	21.608	21.558	21.956	22.255	22.156	22.255	22.355	22.404	22.305	22.404	22.355	22.554	22.504	23.052	23.799	23.55	23.898	24.247	24.296	24.396	24.247	24.097	24.346	24.197	24.346	23.998	24.097	23.898	23.799	22.255	21.757	21.857	21.508	21.508	21.16	20.911	21.309	21.11	21.1	21.0	20.75	20.85	20.9	20.925	20.9	20.5	20.65
 
